Repository Owner,Repository
spring-projects,spring-social
huazhouwang,synapse
eclipse-ee4j,jaxb-istack-commons
yywishp,mybitcoinwallet
xetys,jhipster-uaa-setup
prpatel,serverless-java-mini-workshop
marklogic-community,marklogic-spring-batch
phxql,restwars
indeedeng,imhotep
jo-source,jo-widgets
orhanobut,bee
nordeaoss,copybook4java
savoirtech,slf4j-json-logger
json-path,jsonpath
swati4star,images-to-pdf
xpinjection,tdd-sample
protocol7,quincy
devinciltd,lib
alexeygrigorev,mastering-java-data-science
rhwayfun,spring-boot-learning-examples
51degrees,java-device-detection
migueltoro,adda2018
aol,cyclops
ganchix,morphia-spring-boot-starter
tomitribe,sheldon
as-ideas,crowdsource
googlecodelabs,android-network-security-config
yannis666,coherence-jsr-107
gbm-bailleul,padaf
overture-stack,score
zyl409214686,mp3cutter
phon-ca,phon
born2snipe,flapjack
open-eid,siva
cogcomp,lbjava
cyriux,hexagonal-sentimental
photon-labs,phresco
viskell,viskell
bz51,springboot-dubbo-docker-jenkins
pentaho,pentaho-platform
europeana,europeana-cloud
project-artist,artistgui
performant-software,juxta-service
restcomm,jasn
eleventigers,rxeither
packtpublishing,mastering-software-testing-with-junit-5
apress,beg-java-ee-7
e-ucm,ead
qalingo,qalingo-engine
endreferencz,hwsw-advanced
jerrtop,java_demo_set
tunjos,android-mvp
jameskennard,mockito-collections
ityouknow,spring-boot-examples
ajitsing,expensemanager
mauin,rxfingerprint
mdr,inquisition
djkovrik,comicser
airbnb,plog
d4rken,ommvplib
gchq,event-logging
apache,incubator-gobblin
shiyuan2he,springboot
larsga,duke
eclipse,che-che4z-lsp-for-cobol
windup,windup
javacafe-study,elasticbooks
xfzyrsidney,pentaho-pdi-phoenix
dengziming,janusgraph-util
dialogos-project,dialogos
zenoss,query
jerry-sc,webhunger
gravitee-io,graviteeio-access-management
citrusframework,citrus-admin
sonarsource,sonar-scm-svn
encomendaz,services
bio2rdf,bio2rdf-scripts
owlr-com,sharedcontentproviders
lukefalsina,grab-n-run
tirasa,connid
catalystcode,pdxcharts
cbioportal,oncotree
binkley,binkley
felhr85,usbserial
apache,attic-aurora
processtech,runawfe-free-server
turhanoz,reactivedirectorychooser
geoscienceaustralia,ga-worldwind-suite
mediatoolkit,pareco
backpaper0,sandbox
evant,pokemvvm
thomasletsch,moserp
fortify-ps,fortifybugtrackerutility
benmccann,xero-java-client
jhipster,jhipster
github,maven-plugins
aol,micro-server
yahooarchive,omid
palominolabs,sf-api-connector
coupang,spring-data-requery
bcqtt,article-spider
jskierbi,intellij-ce-playground
ninjaframework,ninja-rythm
subes,invesdwin-context-persistence
apache,usergrid
hispindia,his-registration
exoplatform,platform
indeedeng,rabbitmq-operator
emilybache,online-shopping-kata
netcentric,accesscontroltool
tranleduy2000,ascii_generate
ragdroid,rxify
esa,nmf-mission-ops-sat
putnami,putnami-web-toolkit
netflix,governator
apache,incubator-tajo
project-travel-mate,travel-mate
rainu,alexa-skill
axelor,axelor-open-suite
fpmoles,talks-restful-spring
elasticinbox,elasticinbox
exasol,hadoop-etl-udfs
jimdb-org,jimdb
alibaba,velocity-spring-boot-project
topicusonderwijs,tribe-krd-opensource
cleartk,cleartk
code-not-found,cxf-jaxws
softwarebrothers,android-base
larusba,doc2graph
freedomotic,freedomotic
kobakei,android-ratethisapp
bootsrc,star-zone
joewalnes,idea-community
spullara,havrobase
ittianyu,mobileguard
htwg,uce
unfoldingword-dev,ts-android
snooplsm,njtransit
esri,samples-geometry-api-java
mploed,ddd-with-spring
ibm-blockchain,fabric-spring-sdk
sonatype-nexus-community,nexus-repository-r
szokebarnabas,twitterminer
opensoc,opensoc-streaming
oracle,helidon
eclipse,scout.rt
ctripcorp,hermes
dehora,nakadi-java
rvt,cnctools
tigers-mannheim,sumatra
monowai,flockdata.org
senssic,sc-whorl
biafra23,etherwallet
ostigter,secs4j
triple-t,simpleprovider
trifork,sdm
glomadrian,roadrunner
javaee,wadl
shillner,unleash-maven-plugin
lenskit,lenskit
geosolutions-it,geoserver-enterprise
julioromano,rxlocation
enis,gora
basakpie,vaadin-pagination-addon
linj6,springboot-learn
garygitgit,codingstarter
livetribe,livetribe-slp
tronprotocol,java-tron
jianyangzhang,learn-spring-source-code
geekshop,raptor
cloudera-labs,phoenix
evosuite,evosuite
kimkevin,androidstarterkit
fstab,promagent
ctt-gob-es,clienteafirma
hotelsdotcom,bull
verapdf,verapdf-apps
mainec,aim3-tu-berlin
twosigma,beaker-notebook-archive
optimaize,anythingworks
flipboxstudio,mvvm-starter
virtualzone,tubewarder
rc-dukes,dukes
chr-krenn,chr-krenn-fhj-ws2016-sd14-pse
opensrp,opensrp-client-path
buttplugio,buttplug-android
micronaut-projects,micronaut-kubernetes
xwiki,xwiki-rendering
codenvy-legacy,ide
aerogear-attic,aerogear-simplepush-server
dreamhead,moco
dekstroza,sandbox
vanniktech,vntfontlistpreference
fenix-framework,fenix-framework
tfdream,juice
apress,reactive-streams-in-java
sarahtattersall,pipe
mpetazzoni,ttorrent
a11n,customlintrulesworkshop
jadiraorg,jadira
langmi,spring-batch-tutorials
asymmetrik,nifi-nar-bundles
mozilla,gcp-ingestion
shaohj,spring-boot-plugins
markhobson,hamcrest-compose
verivote,beast
johannesbuchner,jake
danielmichalski,spring-web-rss-channels
waliedyassen,runescript
gitools,gitools
ldlqdsdcn,eidea4
58code,argo
domeide,doclipser
schrum2,mm-neatv2
pulsario,jetstream
mela-org,mela-command
sonarqubecommunity,sonar-lua
blocklang,blocklang.com
mttkay,signpost
v2rc,badger
googlecontainertools,jib
yaoguangluo,deta_parser
blazegraph,blazegraph-samples
inovait,neatle
zirouan,android-mvp
jberkel,sms-backup-plus
voidious,diamond
bcgov,nifi-atlas
mindscapehq,raygun4java
jferard,fastods
ukplab,argument-reasoning-comprehension-task
freeotp,freeotp-android
360-innovations,vaadinsmartgwt
mercateo,factcast
helun,ektorp
52north,sensorwebclient
kendzi,kendzi-math
jxnet,jxnet
ibm,og
lagom,online-auction-java
edu-xored,memorise
inventi,inventi-wicket
h-e-n-r-y,binance-marketmaker
seaseltd,rated-ranking-evaluator
panterch,edu
servirtium,servirtium-java
jbytecode,rcaller
xbmc,kore
j5ik2o,java-ddd-example
nginx-clojure,nginx-clojure
openremote,controller
project-aries,gradle-multi-project-example
eclipse,hawkbit-extensions
sauilitired,kvantum
tomitribe,community
jagilpe,bdd-pact-microservices
zalando-stups,spring-boot-etcd
jetbrains,mapper
eclipse,jnosql
caojx-git,learn-java-codes
willemjiang,seckill
st-js,st-js
lingochamp,okdownload
spongepowered,configurate
snyk,teamcity-snyk-security-plugin
apache,incubator-taverna-language
tradeshift,tradeshift-app-samples
mit-ll,xml-avro-converter
gemserk,commons-gdx
processone,android-wave-client
mguenther,idem
adobe-marketing-cloud,aem-dialog-conversion
odrotbohm,moduliths
modeshape,quickstart
benwilcock,pcf-axon-cqrs-demo
sonarsource,sonar-go
drinkjava2,jsqlbox
wenweihu86,raft-java
levelp,java
eclipse,repairnator
janrain,janrain-backplane
jmorille,android
acelera-dev,acelera-dev-brasil-2019-01
pusher,pusher-websocket-android
fullsync,fullsync
balancebeam,galaxy
locationtech,geogig
rune-status,zeruth-osrs-ps
webx,citrus
meidik,slimadapter
spring-projects,spring-roo
sonatype-nexus-community,nexus-repository-cpan
rdlester,hermes
cbornet,generator-jhipster-swagger-cli
membrane,service-proxy
comodoro,fractalzoo
tanxiaolong77,nacos-070
sedstrom,witch-android
blankj,rxbus
eclipse,tiaki-java
ictd-maroubra,pems
intel-hadoop,hbase-rhino
misukuro,nicolivewebsocketchat
cytoscape,cytoscape-api
lordofthejars,nosql-unit
xiaohai2271,blog
geotools,geotools
mammatustech,qbit-microservices-examples
openhab,org.openhab.binding.zigbee
graphfoundation,ongdb
hartwigmedical,hmftools
stylingandroid,viewpageranimator
motech,motech-mobile
miho,vworkflows
freeyourgadget,gadgetbridge
wildfly,wildfly-core
google,intellij-protocol-buffer-editor
operator1,op1
lulululbj,box
ipcjs,screenshottile
swagger-api,swagger-core
fasteque,rgb-tool
javaee,javamail
flink-tpc-ds,flink
garethahealy,jboss-fuse-examples
synapticweb,callrecorder
unionvms,uvms-exchangemodule-app
manuel-mauky,todomvcfx
equalexperts,opslogger
akihyro,orika-spring-boot-starter
j-easy,easy-batch
sonatype,sonatype-aether
srctips,time-tracker
in28minutes,mavenin28minutes
aliada,aliada-tool
apache,hadoop-common
hflabs,perecoder
devonfw-forge,keywi
sodafoundation,nbp
kgrodzicki,cloud-computing-specialization
careerbuilder,semantic-knowledge-graph
apollofoundation,apollo
casparderksen,docker-thorntail-jee8-microprofile
mulesoft,mule-appkit
matthewdavidbradshaw,avatar
alibaba,datax
resostandards,reso-webapi-client-java
binarywang,wxjava-for-jdk6
sir4ur0n,property-based-testing-talk-support
lovejjfg,zhifou_demo
bsideup,graphql-java-reactive
isel-leic-mpd,mpd-1920v-li41d
androidthings,cloud-iot-core-androidthings
super-csv,super-csv
spring2go,piggymetrics
cloudflare,cloudflare-elastic
fhopf,lucene-solr-talk
srowen,zxing-bsplus
raghunandankavi2010,samplesandroid
eclipse,gemini.blueprint
dpreussler,diacetyl
jansoren,java-json-client
coinbase,coinbase-java
allenai,science-parse
peerwasp,peerwasp
rolandhe,hiriver
abombss,roboguice
linkedin,paldb
fdio,honeycomb
gkaffka,pixabayapp
sleuthkit,hadoop_framework
bookfrank,spring
epages-de,restdocs-raml
ogema,ogema
pryzach,midao
camunda,camunda-bpm-migration
comcast,priority-operation-processing
htm-community,flink-htm
to-da,spring-boot-examples
finalist,liferay-oidc-plugin
sqshq,piggymetrics
hantsy,spring-reactive-sample
pantheontechnologies,triemap
seleniumkit,gridrouter
verigreen,verigreen
ebayopensource,turmeric-runtime
denoptim-project,denoptim
auradevelopmentteam,bungeechat2
chirino,hawtbuf
atomovski,functional-programming-patterns
rayo,rayo-server
52north,sensorplanningservice
zidoshare,elise
scenarioo,scenarioo
boldertechnologies,sonarqube-totalcoverage
mulesoft,mule-maven-plugin
vertretungsplanme,substitution-schedule-parser
cwind001,cwindjavalab
rmarins,accord
frogermcs,google-actions-java-sdk
romeoblog,spring-cloud
dandelion,dandelion
jbvincey,nestedradiobutton
opentracing-contrib,java-spring-web
collapseddom,stud.ip-client
bosch-io,iot-hub-examples
sap-samples,cloud-espm-v2
skyscanner,sonar-secrets
mitallast,diablo-js
caocf,distribute_framework
johnnei,javatorrent
rujews,android-gradle-book-code
spotify,hype
verisign,trumpet
wasp-system,central
gunnarmorling,musings-of-a-programming-addict
heuermh,personal-genome-client
wildfly-swarm-archive,wildfly-swarm
derive4j,derive4j
ever-been,everbeen
mbezjak,vhdllab
keykey7,confij
platonai,pulsar
mesos,storm
visallo,webster
timocloud,timocloud
mpusher,mpush
nemtech,nem2-sdk-java
gunterze,dcm4chee-arc
klose911,payment
seasarorg,seasar2
molgenis,systemsgenetics
dcache,nfs4j
yueshutong,snowjena
difi,jenkins-docker
eontechnology,server
slezier,simplefunctionaltest
gusax,despotify
cloudslab,cloudsim
orange-opensource,fiware-cepheus
knowm,xchange
salaboy,smart-tasks
hk-lei,apache-storm-1.0.1
sdaschner,scalable-coffee-shop
shinesolutions,aem-healthcheck
dachengxi,dubbo2.5.4sourcecode
yan74,afplib
tmobile,pacbot
josephw,titl
yy1193889747,springboot-demo
marverenic,jockey
adopt-a-jsr,java-8-benchmarks
vybs,sqoop-on-spark
uniqush,uniqush-client-java
smartling,keycloak-user-migration-provider
neo4j,graph-data-science
mysticfall,pivot4j
usedrarely,spring-rate-limit
sn3d,lime-mvc
mattlogan,rhymecity
rmnoon,workflowylist
hudson,hudson-2.x
longxiaonan,java-sea
vmware-serengeti,vhm
zlikun-learning,zlikun-jee-design-pattern
maxdemarzi,neo_permissions
signalapp,signal-server
seldonio,seldon-server
wollmux,wollmux
12315jack,j1st-mqtt
fga-eps-mds,2017.1-trezentos
openmrs,openmrs-module-patientmatching
kaspersorensen,dotnet-maven-plugin
jawi,ols
ibm,fhir
yogenraii,spring-examples
mbrlabs,mundus
rcuprak,actionbazaar
vseloved,prj-algo2
ixrjog,cmdb
anjlab,sat3
thegalfins,gnss_compare
ccampo133,spring-aws-lambda
jeluard,semantic-versioning
icon-project,did-sdk-java
phenotips,phenotips
europeana,europeana-client
nict-wisdom,rasc
ironsource,ironbeast-android
schnatterer,nusic
joedayz,spring-boot-samples
yahoo,elide
spotify,protoman
caelum,vraptor-console
sitoolkit,sit-ad-archetype-javaee7-web
eucalyptus,eucalyptus
choreos,choreos_middleware
bigbluebutton,bigbluebutton
istitutocentralecatalogounicobiblio,nuovo-opac-di-polo-sbn
redelastic,reactive-stock-trader
orhanobut,wasp
twitter-archive,twitter-kit-android
dmalysiak,oop-ws18
conveyal,gtfs-validator
marytts,marytts
diversify-project,sosiefier
pegasyseng,ethsigner
quicktheories,quicktheories
pentaho,pentaho-reporting
gchq,event-logging-schema
wkgcass,latte-lang
jrcodeza,spring-openapi
tawus,tawus
ops4j,org.ops4j.pax.exam1
netflix,zuul
dius,pact-workshop-android
keepsafe,cashier
qunarcorp,bistoury
vertigo-io,vertigo
cerner,bunsen
djschilling,sopa
contra,jmd
threema-ch,threema-msgapi-sdk-java
facebookarchive,nifty
interactivespaces,interactivespaces
camnter,androidlife
avh4,imagecomparison
drankye,haox
aquatir,neo-dev
att,xacml
jentrata,jentrata-msh
melkir,api-libraries-demo
secretsharing,secretsharing
networknt,light
humank,eventstormingworkshop
dyc87112,didi-eureka-server
google,gwteventbinder
forge,core
f2prateek,bundler
beanit,jasn1
elifut,android
karthicks,gremlin-ogm
rbgkew,powop
jwifisd,jwifisd
devesion,java-obd-adapter
radcortez,wow-auctions
uphyca,idobata4j
smurn,jply
pptv,pike
nordic-institute,x-road-rest-ui
hyperledger-archives,fabric-api
netflix,servo
fengjiachun,javac
idean,sonar-swift
wdev,struts2
multibit-legacy,trezorj
jaredsburrows,android-gradle-java-multi-module-template
masters-info-nantes,mylazyclock
wikimedia,wikidata-query-blazegraph
qunarcorp,qmq
ifsttar,qrtone
robinhood,ticker
flinkx,flinkx
muzima,muzima-android
quantranuk,protobuf-nio
zhuinden,service-tree
fueled,flowr
takari,polyglot-maven
minebreaker,waifu2xjava
cmu-able,rainbow
authorjapps,zerocode
ashdavies,eternity
citerus,bookstore-cqrs-example
silverpeas,silverpeas-components
neyoufan,ht-candywebcache-android
leonardoanalista,java2word
industrial-data-space,trusted-connector
teiniker,teiniker-lectures-softwaredesign
ucnz-seng302-2018-donaco,organz
mycollab,mycollab
tibcosoftware,jasperreports-server-ce
ahabra,reverse-proxy
guangweiyao,blog
lorilori,androidcgmmonitor
graylog2,graylog-plugin-pipeline-processor
soabase,soabase
ozguryazilimas,telve4
aehrc,snorocket
ahuangshang,weex-android-calander
derek-ashmore,moneta
mbarbero,http-messages-signing
javaee-samples,microprofile1.2-samples
data2semantics,mustard
packtpublishing,test-driven-java-development-second-edition
fuzzylite,jfuzzylite
rashiq,bitcoin
netflix,raigad
luobodcom,zzshow
signalapp,websocket-resources
covidsafe,app-android
rs-renato,cluster-worker
thiagoprocaci,springboot-react-jwt
tommyettinger,finnegan
thingyherb,familylibrarymanager
akardapolov,ash-viewer
cwi-swat,rascal-msr
googlecloudplatform,google-cloud-datastore
digitalroastery,weblounge
illarion-ev,illarion-java
zhukic,sectioned-recyclerview
npgall,concurrent-locks
metamx,rdi-client-java
heisedebaise,ranch
szaqal,kitchensink
need4spd,lucene-korean-analyzer
jenkinsci,findbugs-plugin
kkrugler,yalder
wb14123,bard
00-matt,moneropool
yodigi7,quiplash
puniverse,comsat
martingijsen,powertools
wcm-io,wcm-io-samples
angelozerr,lsp4xml
ronenhamias,scalecube-services
hibrianlee,androidmvvm
aschattney,photostream-tools
apache,incubator-dolphinscheduler
0xnm,btc-e-client-for-android
hutai123,dubbox
syhily,elasticsearch-jdbc
lhalcyon,payment-listener
ehcache,ehcache-jcache
enginehub,intake
nsg-ethz,sp-pifo
akquinet,needle
jop-devel,jop
vmware,singleton
netcrusherorg,netcrusher-java
pinterest,yuvi
qabel,qabel-desktop
dvbern,iso20022
vmware-serengeti,serengeti-ws
leberkleber,ljcm
sel-columbia,dristhi
sonarsource,sslr
vitrivr,cineast
eckig,graph-editor
semantalytics,xsparql
openbankproject,obp-jvm
europeana,imageharvester
inmobi,grill
mocircle,cidrawing
hzi-braunschweig,sormas-project
ehaut,syhthems-platform
ouyangan,hunt-admin
eldelshell,amforeas
airlift,drift
sczyh30,vertx-blueprint-microservice
ransj,react-native-ad
lesfurets,doov
open-keychain,open-keychain
nchovy,kraken
opentracing-contrib,java-cassandra-driver
restcomm,media-core
aws-amplify,aws-sdk-android
bordertech,wcomponents
dsx-tech,blockchain-benchmarking
sonarsource,sonar-update-center
sourcesense,stone
eclipse,sw360
peterhoeche,adobe-flex-pmd
eclipse,jnosql-artemis-extension
seznam,euphoria
google,error-prone
apache,incubator-retired-openaz
linlinjava,litemall
retz,retz
axoniq,axon-server-se
redsolution,xabber-android
infinum,android-prince-of-versions
joumenharzli,survey-example-spring-boot-angular
hevelian,hevelian-olastic
code4craft,netty-learning
hashicorp,nomad-java-sdk
jflex-de,jflex
meituan,wmrouter
reflectoring,coderadar
redhat-developer-demos,istio-tutorial
kijiproject,kiji-schema
fekracomputers,islamiclibraryandroid
apache,incubator-taverna-mobile
rainywang,spring2020_hitcs_sc_lab1
mozilla,mozstumbler
k3b,aphotomanager
opensanca,service-validator
glassdoor,planout4j
dbmdz,imageio-jnr
openmainframeproject,ade
peterchenhdu,interface21
atam4j,atam4j
pan2yong22,androidutilcode-master
fbsamples,listviewtorecyclerview
groupon,novie
pushjet,pushjet-android
jmonad,maybe
makotogo,developerworks
openjavacard,openjavacard-tools
konmik,solid
io-sgr,telegram-bot
fastconnect,tibco-fcunit
bing-chou,etherscan-explorer
liaoheng,bingwallpaper
pveentjer,hazelblast
apache,deltaspike
confabulation,symbolic
jasonwyatt,srml
kasparpeterson,simplemvp
uniba-dsg,betsy
geolatte,geolatte-mapserver
leancloud,android-sdk-all
longbkiter07,triangle-architecture
adobe-consulting-services,acs-aem-commons
xtreemfs,xtreemfs
blizzy78,documentr
midokura,odp-ovsdb
sabreoss,conf4j
cnnic,rdap
orhanobut,mockwebserverplus
electroid,intake
stkent,amplify
di2e,openstorefront
qianmiopen,weixinradio
googlecloudplatform,service-broker-samples
jeppeman,highlite
jenkinsci,jclouds-plugin
jasig,uportal
jfrog,build-info
gruter,tajo-cdh
rackerlabs,blueflood
twitter,hpack
ripple-unmaintained,ripple-lib-java
geekshop,radar
halower,newbie-spring-boot-project
bisq-network,bisq
quartz-scheduler,quartz
ybj366533,yy-videoplayer
ykrasik,jaci
gazbert,bxbot-ui-server
apache,accumulo
klawson88,levenshteinautomaton
chenhaiyangs,rocketmq-read
hinneburg,topicexplorer
coti-io,coti-fullnode
cts2,cts2-framework
ha-jdbc,ha-jdbc
apache,skywalking
zacsweers,rxpalette
otto-de,jsonhome
aragozin,heapunit
tracingplane,tracingplane-java
npgall,concurrent-trees
ichukai,blog.chukai.pro
lsds,seep
cdavid14,ne20-user-graphics
julongchain,julongchain-netty-infosec
electronicarts,ea-async
wso2,cellery-security
devicehive,devicehive-java-server
nicta,aremi-tmy
jaihirsch,mongo-tail
racodond,sonar-jproperties-plugin
netflix,spectator
hibrianlee,imageanalyzer
jigsaw-code,intra
elan-ev,studipandroidapp
chengdedeng,yfs
urieli,jochre
health-and-care-developer-network,health-and-care-developer-network
andremion,villains-and-heroes
martinmarinov,androiddvbdriver
netcentric,system-env-install-hook
twitter,distributedlog
novoda,sqlite-provider
magott,spring-social-yammer
zsoltk,overpasser
mozilla-mobile,firefox-echo-show
nuxeo-archives,nuxeo-services
ahastudio,fastcampus-eatgo
universum-studios,android_utils
djarza,football-events
wikibook,advanced-android-book
codyengel,flax
swagger-api,swagger-parser
sxfad,porter
wxssteven,iotdm-client
mschlauch,comfortreader
pkainulainen,spring-data-jpa-examples
box,mojito
dime-project,dime-server
freefair,android-library
fuzziness,kabeja
sonatype-nexus-community,nexus-repository-composer
yuyang226,flickrjapi4android
mwaylabs,relution-jenkins-plugin
sponge-rpg-dev,nt-rpg
gmarziou,jhipster-ionic
m2mobi,markymark-android
octiplex,android-rtmp-muxer
danielrendall,metaphor
fathomdb,cloud
jenzz,rxappstate
soarcn,favor
jakewharton,rxwindowifchanged
colin-lee,autoconf
gu-youngfeng,crater
sriramkeerthi,simplethreadpool
marcingrzejszczak,mockito-cookbook
jeluard,stone
streamreduce,streamreduce-core
rbedia,ipheatmap
carlphilipp,stock-tracker
spring2go,staffjoy
xlythe,androidtextmanager
conversant,mara
saalfeldlab,render
willowtreeapps,spruce-android
atlanmod,neoemf
dssg,cta-otp
java-lang-programming,android-recyclerview-demo
mvarnagiris,financius
sotera,zephyr
nova-team,nova-core
laurentsebag,android-wifi-timer
shineware,komoran
planetfederal,geogig
web-innovate,bootstraped-multi-test-results-report
nuxeo-archives,nuxeo-features
square,burst
thorstenwitt,mensaapp
nero520,mybatis
zuozewei,java-api-test-examples
benfowler,dancing-links
ssledz,eav-model-pattern
jclouds,legacy-jclouds-chef
traneio,ndbc
yawkat,mdep
benchflow,benchflow
hashgraph,hedera-hcs-sxc-java
javamonkey,beetl2.0
luotuo,cas4.0.x-server-wechat
snowdrop,spring-cloud-stream-binder-artemis
trasiercom,trasier-client
ruediste,btrbck
voxelwind,voxelwind
googlearchive,digits-migration-helper-android
coffee4j,coffee4j
ishaigor,rest-retro-sample
forge,furnace
neoremind,coddding
forcedotcom,java-sdk
ischwarz23,sortabletableview
i-tech,openemrconnect
picocontainer,picocontainer
leapcode,bitmask_android
liato,android-bankdroid
kuangcp,mythredisclient
arhangeldim,tehnotrack-mail
readytalk,revori
fev,cudu
virtualdataset,virtdata-java
ivctool,ivct_framework
plusonelabs,calendar-widget
benwilcock,spring-cloud-stream-demo
maplesond,spectre
chaklader,object-oriented-design
yieldnull,biu
jroyals,log4j-properties-converter
jexp,idea2
mohsenoid,fyber_mobile_offers
coinapi,coinapi-sdk
radcortez,flyway-junit5-extensions
jacek-marchwicki,javawebsocketclient
openrock,opendj
intuit,wasabi
arun-gupta,wildfly-samples
mvysny,aedict
vipshop,pallas
culturecommunication,ginco
jesperterkelsen,aws-price-api
paypal,paypal-java-sdk
codice,opendj-osgi
cf-platform-eng,simple-service-broker
algolia,algoliasearch-client-android
sentineldatahub,datahubsystem
sogou-biztech,compass
atteo,moonshine-examples
1991wangliang,springboot-ddd-demo
wotjd243,fastcampus.ddd-alone
dkpro,dkpro-similarity
testwhat,smaliex
hotelsdotcom,styx
gluster,libgfapi-jni
gk-brown,http-rpc
teamamaze,amazefilemanager
criticalmaps,criticalmaps-android
ehrbase,ehrbase
akvo,akvo-flow-mobile
androidsdksources,android-sdk-sources-for-api-level-28
gralog,gralog
jersey,jersey
nasa,mct
larusba,neo4j-jdbc
fujitsu-pio,io
dagi,spring-training
gretard,sonar-ps-plugin
sylvainlaurent,jdbc-performance-logger
jbossas,console
indeedeng,proctor-pipet
mapzen,android
groupon,grox
ftomassetti,turin-programming-language
terrestris,shogun-core
entando,entando-components
ngbdf,redis-manager
snowdrop,narayana-spring-boot
autentia,wadl-tools
wlin12,jnn
hello,suripu-android
gretard,sonar-tsql-plugin
eleme,amigo
michaelbull,svg-stockpile
teester,whats-nearby
andreynovikov,trekarta
sensis,http-stub-server
robertp1984,softwarecave
vitaly-chibrikov,otus_java_2017_04
amazon-archives,aws-big-data-blog
rdfhdt,hdt-java
netflix,concurrency-limits
adr,e-adr
obsidiandynamics,flywheel
ekux44,lampshade
ripple,crypto-conditions
ifsttar,noisemodelling
blakepettersson,reactmann
mwinters-stuff,android-things-pca9685
alladin-it,open-rmbt
jloisel,elastic-crud
inria,spoon
headissue,sahi
dingziyang,activiti6-boot2
thorntail,thorntail
altamiracorp,honeycomb
solaceproducts,solace-java-spring-boot
pbackx,paypalipnservlet
kef,hieos
johnnymongiat,oath
megafonweblab,histone-java2
l316476844,dubbodemo
twitter,elephant-bird
tsuoanttila,sidemenu-addon
manydesigns,portofino
clintonhealthaccess,chailmis-android
jvelo,mayocat-shop
giulianini,jestures
code-connect,tum_homework
ibinti,bugvm
isa-tools,isavalidator-isaconverter-biimanager
apache,nifi-minifi
eldelshell,jobhunter
mitreid-connect,openid-connect-java-spring-server
krishna81m,jackson-nested-prop-filter
vdurmont,creditcard4j
arcus-smart-home,arcusipcd
project-helin,drone-onboard-app
javaee,security-soteria
apress,practical-spring-ldap
asc-lab,micronaut-microservices-poc
zsoltk,paperwork
ucodeustory,datastructure
ideyatech,opentides3
hzfengjian,rocketmq_trans_message
hakko,subsonic
jedwards1211,breakout
triangleleft,flashcards
exoplatform,kernel
alex-bretet,cloudstreetmarket.com
ef-labs,vertx-when
asterics,asterics
gocd,gocd-filebased-authentication-plugin
johnwhall,kos-scripts
juankysoriano,zen
xiaomi,shepher
jplag,jplag
tebexio,buycraftx
denimgroup,threadfix
wuyinxian124,netty4.0.27learn
cloudera-labs,envelope
ippontech,nantes-mobi-parkings
googlecloudplatform,appengine-java-vm-runtime
shrhdk,theta4j
eclipse-ee4j,glassfish-hk2
javolution,jscience
kinecosystem,kin-devplatform-android
fabiomaffioletti,jsondoc
iamxpy,simpledb
antennapod,antennapod
maxdemarzi,dating_site
bucharest-jug,dropwizard-todo
sourcestream,moviedb-android
android10,android-cleanarchitecture
zhangnianli,brfs
v0g3l,treff.
kyle-liu,netty4study
mminella,pro-spring-batch-source-code
predixdev,predix-analytics-sample
kiggundu,briar
suragch,mongol-library
openmrs,openmrs-module-htmlformentry
yongjhih,dagger2-sample
kite-sdk,kite
jomof,cdep
devonfw,devon4j-legacy-modules
fqntxmqee,webframe
skew-opensource,slsqp4j
ailohq,tiny-rxjava-jdbc
adorsys,psd2-accelerator
hl845740757,netty-translation
peter-lawrey,saxophone
hibernate,hibernate-tools
yodle,bayonet
androidthings,contrib-drivers
panda-lang,light
jcodec,jcodec
vladimirdolzhenko,gflogger
code-not-found,spring-kafka
nxparser,nxparser
microsoft,azure-maven-plugins
mozilla-mobile,focus-android
impetus,fabric-jdbc-connector
wizardjedi,my-spring-learning
consensys,cava
apache,incubator-myriad
romaniakovlev,timeshape
nifcloud-mbaas,ncmb_android
dropwizard,dropwizard-java8
gourderwa,mynote
apache,openmeetings
ceon,cermine
uni-bremen-agst,libvcs4j
neoremind,fountain
voyages-sncf-technologies,hesperides
ceon,saos
consensys,eventeum
ptitfred,magrit
warporganization,warp
hobbit-project,platform
mesosphere-backup,cassandra-mesos-deprecated
atlassian,commonmark-java
google,moe
lvcarnevalli,javaclean
dhis2,dhis2-android-datacapture
lordi,tickmate
babyfish-ct,babyfish
threerings,narya
lipilee,toyshark
kenshin579,tutorials-java
ailab403,ailab-mltk4j
krillsson,sys-api
supaham,supacommons
ptyagicodecamp,webview-overlay
java-aodeng,hope
ralscha,blog2019
esoxjem,movieguide
chicm,cmraft
inbloom,secure-data-service
apache,skywalking-oal-tool
programmevitam,vitam
bbva,mirrorgate
schnatterer,smeagol-galore
nlpie,biomedicus
deutschebank,symphony-java-client-parent
zachbr,debuggery
xhxj,eheitaiweb
adobe-marketing-cloud,asset-share-commons
fyodor-org-uk,fyodor
alura-cursos,springmvc-2-integracao-cache-seguranca-e-templates
percolate,foam
jcmturner,java-kerberos-utils
richfaces,richfaces
kylinolap,kylin
openmrs,openmrs-sdk
forgerock,openig-community-edition
adambien,e2ftp
microfocus-idol,find
svn2github,sat4j
willing-xyz,restdoc
caifeile,flowgeek
bamdb,se231
eyeseetea,pictureapp
pkainulainen,spring-from-the-trenches
rsippl,androidprogramming3e
doov-io,doov
seata,seata
jhagestedt,blueprint
opendaylight,netvirt
sonarsource,sonar-xml
gsi-cs-co,chart-fx
meituan-dianping,octo-rpc
icemeltt,meleride
pockethub,pockethub
iotoasis,so
pagseguro,pagseguro-sdk-java
netflix,iep
irufus,gdax-java
vaadin,framework8-demo
adsc-resa,resa
uscdatascience,sparkler
tesora,tesora-dve-pub
nicta,nicta-ner
ribesg,nplugins
rhlabs,louie
ocpsoft,socialpm
dimakoz,meat-grinder
spring-cloud,spring-cloud-gcp
u6k,open_jtalk-docker
iskandarshabaev,weather
ekchang,jsouper
wangqi,gameserver
square,dagger
usnistgov,pyramidio
sterodium,selenium-grid-extensions
seedstack,business
valassis-digital-media,cascading-avro
aerogear-attic,aerogear-webpush-server
confidence-coin,coco
projectodd,jboss-polyglot
google,google-java-format
pentaho,pentaho-data-mining
forkjoinorg,base
apereo,java-cas-client
opentracing-contrib,java-spring-cloud
barrydrink,longstringloader
project-sunbird,sunbird-utils
lonnyj,webp-imageio
dsx-tech,e-voting
thebigg73,opensongtablet
exonum,exonum-java-binding
generalbytescom,batm_public
cliffano,swaggy-jenkins
arnosthavelka,spring-advanced-training
akarnokd,rxjava3-preview
juniversal,jsimple
diorite,diorite
oehf,coala
chaosblade-io,chaosblade-exec-jvm
mycore-org,mycore
mfornos,humanize
maithilish,maven-examples
zeebe-io,zeebe-kafka-exporter
karakun,openwebstart
webankfintech,schedulis
fge,grappa-debugger
mulesoft,mule-esb-maven-tools
tibcosoftware,tibco-streaming-samples
wardle,rsterminology
zhengxiaopeng,rocko-android-demos
openmrs,openmrs-module-emrapi
liuyadu,open-cloud
ghjansen,cas
mattbornski,hive-demo
wix,openrest4j
mauro-idsia,blip
scalified,tree
vmarchaud,alkazia
sonarsource,sonar-java
letelete,sleep-cycle-alarm
doublechaintech,global-unique-id-generator
eldermoraes,javaee-nosql
goldmansachs,obevo
treydone,mandrel
valb3r,gtc-all-repo
hackeryang,hadoop-exercises
knowm,datasets
cloudogu,command-bus
grahamedgecombe,android-ssl
spring-projects,spring-social-facebook
sunryuan,taurus
arquillian,arquillian-examples
auth0,lock-smartlock
lukasgit,flutter_contacts
eclipse-ee4j,soteria
kuhrusty,morbadscorepad
cucumber-attic,gherkin2
haiku,haikudepotserver
syndesisio,connectors
vipstone,springboot-example
giscience,oshdb
mcekovic,tennis-crystal-ball
zeiss-digital-innovation,synchronizefx
wso2-attic,ballerina-message-broker
rterp,sumzerotrading
univocity,univocity-trader
r0adkll,slidr
febit,wit
spartahack,spartahack-android-2016
pgptool,pgptool
coverity,pie
phanvanlinh,stackoverflowdemo
openknowledge,jaxrs-versioning
urskr,updates-r-simple
deric,clueminer
apache,marmotta
huge-data,storm-sentiment
kenfinnigan,ejm-samples
dmilicic,android-clean-sample-app
sworisbreathing,jpathwatch
jfarcand,grizzly
godin,sonar-experiments
graphql-java,graphql-java-spring
dueros,bot-sdk-java
hpi-information-systems,akka-tutorial
meteogroup,jbrotli
codingforinterviews,practice-problems
mobivm,robovm
stamp-project,pitmp-maven-plugin
takawitter,trie4j
asarkar,java
querydsl,querydsl
lmco,streamflow
spoonlabs,nopol
pragmatists,tdd-trainings
rogiel,l2jserver2
triggerreactor,triggerreactor
nosceon,titanite
jaspersoft,js-android-sdk
jbenech,gnikrap
lykhonis,rxactions
eosio,eosio-java
dspace,dspace
daniellitoc,xultimate-toolkit
javaee,tutorial-examples
rromannissen,rhoar-microservices-demo
cogroo,cogroo4
spotbugs,spotbugs
ubuntu-m,opensource
adobe-marketing-cloud,aem-guides-wknd
paperight,website
luobosi-marvel,springboot-learning-example
futurice,freesound-android
drymarev,rxbsuir
consensys,wittgenstein
facebook,nailgun
jhclark,bigfatlm
consenlabs,token-core-android
ukwa,webarchive-discovery
sonarsource,sonar-ldap
intuit,autumn
fozziethebeat,c-cat
seven332,ehviewer
sap,cloud-security-xsuaa-integration
varunpant,gheat-java
cblrit,ecg-viewer
mkyong,maven-examples
kyson,androidgodeye
opendaylight,ovsdb
dynodao,dynodao
mesos,logstash
pierre,meteo
pedrogao,lin-cms-java
sofastack,sofa-rpc-boot-projects
akolb1,hclient
dissem,jabit
t28hub,json2java4idea
taichi,siden
facebookarchive,ig-lazy-module-loader
davidfauthoux,ninio
airbnb,deeplinkdispatch
neophob,pixelcontroller
jamesagnew,hapi-fhir
jjkester,transportlanguage
kbastani,graphify
selendroid,selendroid
adambien,firehose
ambiverse-nlu,ambiverse-nlu
knowitall,reverb
longkerdandy,mithqtt
jliuold,docker-api-spring-boot
scientific-tool-set,scitos
osmdroid,osmdroid
mapsforge,mapsforge
antoniomaria,gazpachoquest
fwensen,indoor-location
openzipkin-attic,zipkin-sparkstreaming
steffenschaefer,gwt-gradle-plugin
moparisthebest,jdnsproxy
trainingbypackt,spring-boot-2-fundamentals
nicoulaj,jmh-utils
voyages-sncf-technologies,strowgr
unbiquitous,uos_core
realtime-storage-engine,flink-spillable-statebackend
manbanggroup,phantom
sloy,sevibus
nbbrd,jdemetra-nowcasting
czyrux,grocerystore
apromore,apromorecore
arkcase,arkcase
zendesk,android-schema-utils
nsacyber,hirs
julielab,jeseme
nifty-gui,nifty-gui
lyft,lyft-android-sdk
kwon37xi,hibernate4-memcached
paulhoule,infovore
wtcctw,dianping-lion
nuvotifier,nuvotifier
smartthingsoss,smartthings-brave
ekirkilevics,magnolia
iluwatar,java-design-patterns
roghughe,captaindebug
census-instrumentation,opencensus-java
lliepmah,androiduniversaladapter
docbleach,docbleach
maciejwalkowiak,spring-cloud-stream-binder-sqs
duniter,duniter-android-app
earthblood,toe
theappguruz,android-json-parsing-code-sample
tronprotocol,sun-network
chubaostream,journalkeeper
braintech,svarog
ftsrg,theta
tyrus-project,tyrus
52inc,scoops
tianheframe,zuul-2.1.5
codecentric,zucchini
mbientlab,metawear-sdk-android
tlw-ray,pentaho-kettle-webspoon-0.8.1.17
proarc,proarc
imixs,imixs-workflow
impetus,kundera
porcelli,mule-dsl
ekito,spring-multitenancy
bnjmn,weka
saschpe,android-pls-parser
impetus,blkchn-sql-driver
dunwu,java-tutorial
ucbrise,anna
streamline-eu,streamline-platform
tinkerpop,blueprints
flextradeukltd,jfixture
apress,learn-microservices-w-spring-boot
douglasjunior,douglasjuniortcc
attdevsupport,videooptimzer
moboa,berkeley-cs61b
geneontology,termgenie
netflix,ribbon
patrickfav,under-the-hood
jetty-project,jetty-load-generator
hibersap,hibersap
yubico,yubico-java-client
hiveka,hiveka
mgm-tp,jfunk
cavallium,warppi
geronimo-iia,keystone
datasift,datasift-connector
xenit-eu,move2alf
pivotal-partner-platform-architecture,azure-service-broker-client
drakeet,retrofit-agera-call-adapter
sonarsource,orchestrator
otros-systems,otroslogviewer
pe4ch,cve-hub
klinker41,tunes-for-tv
jeconfig,jeconfig
rdiachenko,jlv
avesha,android.fba.toolkit
ngdata,lilyproject
spring-projects,spring-xd
eclipse-ee4j,mojarra
jsvazic,gahelloworld
dcm4che,dcm4chee-arc-light
opensharding,opensharding-spi-impl
yueshutong,javamonitor
talenguyen,prettysharedpreferences
philwebb,springfaces
eclipse,leshan
hellobike,tunnel
snowdream,snowdreamframework
prestosql,presto
artoderk,elastic-jobx
hryou0922,component
alfresco,searchservices
turhanoz,rxgoogleauthentication
hyperrail,hyperrail-for-android
wepay,kafka-connect-bigquery
codecrafter47,bungeetablistplus
replicant4j,replicant
hungtm288,float-tube
fjw,karmakurier
qcadoo,qcadoo
coffeenet,coffeenet-starter
graphaware,neo4j-framework
evernote,android-job
lorthos,incubator-zeppelin-druid
fmmfonseca,completely
dzfking007,pdftoword
quanticol,carma
rsocket-community,r2rpc-spring-boot-starter
ribot,easy-adapter
apache,karaf-cave
opensrp,opensrp-client-core
arcuri82,testing_security_development_enterprise_systems
skalogs,skaetl
ballerinax,docker
smartbear,soapui
skyscreamer,nevado
jdeolive,geodb
robovm,robovm-store-app
opentracing-contrib,java-tracerresolver
jtechme,jumpgo
jamling,smartim
restcomm,ussdgateway
amazon-archives,aws-sdk-java-samples
librehealthio,lh-toolkit
dbatalov,reinforcement-learning
aliyun,tauris
jenkinsci,kubernetes-pipeline-plugin
v2rc,indicators
emcvipr,dataservices-sdk-java
javaee,hk2
palladian,palladian
liangliu,swallow
vip-augus,spring-analysis-note
deanhiller,webpieces
ykyuen,maven-h2o
eventsourcing,es4j
michaelsembwever,possom
ciruman,quarkfx
saymagic,mwhale
dodgymike,rapid-radius
openidentityplatform,openam-jee-agents
eppleton,canvas
nitorcreations,robotframework-eclipseide
cxcorp,lacuna
sintef-9012,cloudml
tltv,gantt
karumi,dexter
bcmapp,bcm-android
turbolinks,turbolinks-android
kframework,k-legacy
deziras,deziras-old
songxinjianqwe,javawebskeleton
mindorksopensource,android-mvp-architecture
javafundamentalszt,java-fundamentals
gradle-fury,gradle-fury
karumi,rosie
matthewdavidbradshaw,spyglass
codecentric,conference-app
mheath,adbcj
fourscouts,blog
klubjagiellonski,pola-android
johncarl81,parceler
joshlong,spring_io_2019
racodond,sonar-json-plugin
damienfremont,blog
avraampiperidis,androidcamera
puzzle,zeus
abohomol,cookietray
geosdi,geo-platform
lengchuan,springboot-study
virgilsecurity,virgil-mariadb-demo
bidmachine,bidmachine-android-sdk
ihmcrobotics,ihmc-pub-sub-group
mit-ll,pace
kbastani,event-sourcing-microservices-example
stratio,ingestion
dizitart,nitrite-database
apache,continuum
dfci-cccb,mev
jfmwz,storm-example
grafeas,client-java
benwilcock,android-alltest-gradle-sample
anathema,anathema_legacy
guw,knx-openhab-utils
yanglifan,navi
mmahmoodictbd,production-ready-microservices-starter
dongyanghe,eikesi
himanshumistri,materialdesign
adejanovski,cassandra-dcaware-failover
grobmeier,jjson
intendia-oss,qualifier
criteo,babar
apache,dubbo-spring-boot-project
lttng,lttng-scope
dkpro,dkpro-uby
meetup,timeywimey
cloudfoundry-incubator,multiapps-controller
learning-layers,tagrec
nuxeo,nuxeo-sample-project
opentracing-contrib,java-agent
miloskozak,androidaps
maplefix,learn-demo
tianheframe,dubbo-2.6.5
lightbend,reactive-streams-utils
france-connect,identity-providers-examples
beecloud,beecloud-android
nilhcem,droidcontn-2016
spacedog-io,spacedog-server
subes,invesdwin-nowicket
mycila,license-maven-plugin
floralvikings,jenjin
open-osrs,plugins
jmingo-projects,jmingo
vineey,archelix-rsql
open-telemetry,opentelemetry-auto-instr-java
brendan-fahy,quantum
schwarzit,andksnackbar
ericmaxwell2003,databindingdemos
ebay,uaf
unknowndomaingame,panguengine
uber,athenax
samaxes,java-ee-testing
vickychijwani,quill
jentrata,jentrata
slavetto,anki-cards-web-browser
kamranzafar,jcl
aschattney,dagger-test-example
carrot-garden,carrot-maven
artem-zinnatullin,screenvalley
pmwmedia,tinylog
rtfpessoa,teamcity-aws-elasticbeanstalk-plugin
cloud-software-foundation,c5-replicator
mike-neck,javajo-gradle
iamazy,elasticsearch-sql
hugopoi,syncyourcloud
spring-projects,spring-android-samples
dkmfbk,knowledgestore
manolovn,cssdroid
vmware-archive,lmock
meituan-dianping,zebra
open-intelligence,openi-octopus
gatein,gatein-shindig
welthungerhilfe,cgm-scanner
jameszbl,authmore-framework
sernet,verinice
constretto,constretto-core
juherr,jasn1
citp,twofactorbtcwallet
rub-nds,tls-attacker
oktadeveloper,okta-ionic-jhipster-example
nbaars,pwnedpasswords4j
openam-jp,openam
rtyley,agit
openmrs,openmrs-module-hl7query
henriqueslab,nanoj-core
chinathingsboard,china_thingsboard
peterosterlund2,droidfish
zycgit,hasor
mkjoerg,nifi-prometheus-reporter
cfg4j,cfg4j
doctoror,painlessmusicplayer
spring-cloud,spring-cloud-stream-binder-jms
krmassociatesinc,ehmp
zeuschan,littlefreshweather
codenvy,codenvy
lenala,azure-gradle-plugins
nytimes,store
bloatit,bloatit
linksmart,nifi-opc-ua-bundles
tmc-eclipse,tmc-eclipse
cloudera,cm_ext
royjacobs,lazybot
b3dgs,lionengine
facebookarchive,rebound
dcentralizedsystems,core
opentracing-contrib,java-web-servlet-filter
baeldung,stackify
ztiany,arcsoft_facetracking
5waynewang,diamond
zsoltk,gameoflife
clarin-eric,vlo
tsuoanttila,gridextensionpack
unicon,cas-mfa
zhaoshaoquan,platform
tuozhaobing,csdndemo
spring-projects,spring-social-tripit
nokia,red
apache,aries-jpa
eclipse,rdf4j-tools
kixeye,janus
comcast,sirius-reference-app
sokolovsky,otus-spring-framework-2018-06
tfunato,java-samples
chaitanyanettem,searchforreddit
ciprian-radu,rent-a-car
camerakit,blurkit-android
tickerstorm,tickerstorm
appitr,awesome-react-native-boilerplates
konmik,satellite
deviceconnect,deviceconnect-experiments
secdec,astam-correlator
damorimrg,practical_testing_book_demos
bmfe,eros-nexus
neoremind,fluent-validator
netflix,ocelli
pileproject,drive
dsapandora,simul_dsa
apache,attic-stratos
ragdroid,mockstar
adelnizamutdinov,vibes
opendaylight,vpnservice
dumptruckman,pluginbase
mycatapache,mycat2
juniversal,juniversal
morimekta,providence
kbastani,service-block-samples
openrock,openam
davityle,ngandroid
kintone,java-sdk
menny,bazel-leaf
wensiqun,asmsupport
picone,musicunionsearch
szhem,camel-osgi
kloiasoft,eventapis
mmdsyl,blog-microservice
symantec,hendrix
coti-io,coti-node
akageun,hello-bbs
wiztools,rest-client
plc-cgr,plc
thecodinglive,hanbit-gradle-book-example
automenta,spimedb
tianshouzhi,dragon
taverna,taverna-server
tantalummobile,tantalum
andviane,google-books-android-viewer
opencypher,cypher-for-gremlin
pulsario,pulsar-reporting-api
meinicke,varexj
nikitakozlov,pury
fighting-one-piece,datamining-integration
apache,incubator-sdap-mudrod
confluentinc,kafka-connect-storage-cloud
spring-projects,spring-integration-in-action
openfeign,feign-opentracing
pine,rxbindroid
auth0,java-jwt
liveramp,hank
netflix,runtime-health
neueda,jetbrains-plugin-graph-database-support
sap-production,otaservice
debop,debop4j
workarounds,define
fdio,hc2vpp
larswerkman,boxer
stoyicker,boats-xkcd
itzsomebody,asm-fix
idio,bliki
drunlin,guokr-android
simonpercic,bucket
hugokallstrom,mvvmsampleapplication
mast-group,tassal
chemouna,decor
zeromq,jzmq
dstreev,nifi-processor-examples
greenaddress,greenbits
ashomokdev,ocrme
cellularprivacy,android-imsi-catcher-detector
tedaliez,parsingplayer
apollographql,apollo-android
dynamicreports,dynamicreports
vipshop,vjtools
pilosa,java-pilosa
sbprime,asyncworldedit
oktadeveloper,okta-react-native-spring-boot-example
lintool,tools
gree,aurora
huaweicloudsdk,huaweicloud-cs-sdk
europeana,repox
esig,dss
axbaretto,kafka
rhq-project,rhq
thomas-bergmann,tournament
kuguhome,openhab-binding-wmbus
jri,deepamehta
avianey,android-jersey-client
enijkamp,supermonkey
sarxos,webcam-capture
openliberty,liberty-bikes
jakewharton,gradle-android-test-plugin
nilhcem,droidconde-2016
hal,core
google-developer-training,android-fundamentals
genemania,genemania
mrsorrow,spring-framework
linkedin,flashback
sonarqubecommunity,sonar-jmeter
adorsys,xs2a
devproof,portal
blazegraph,database
hernad,easyrec
pablopdomingos,nfse
dma-enav,epd
tmobile,tmobile-api-security-lib
f2prateek,dart
matrix-org,matrix-android-sdk
bitbrain,braingdx
lightblue-platform,lightblue-core
burhanrashid52,photoeditor
bareinhard,hacktoberfest-data-structure-and-algorithms
harlber,moose
stemlab,geotools-3d-extension
cloudflare,cloudflare-access-for-atlassian
sonatype-nexus-community,nexus-repository-helm
uudashr,jsmpp
auth0,lock-facebook.android
rayokota,kcache
hyperic,hq
wuchubuzai,openimaj
stevegan,neusoftcloudhospital
ifsttar,noisecapture
cmsgov,bluebutton-data-server
awslabs,smithy-typescript
ifttt,sparklemotion
everest-engineering,lhotse
apache,tomcat-maven-plugin
chrlns,sonews
ibm-cloud,talent-manager
dropwizard-jobs,dropwizard-jobs
vitaly-chibrikov,otus_java_2017_10
knowsys,rulewerk
desht,chesscraft
ordina-jworks,microservices-dashboard
teamnewpipe,newpipe
cliqz-oss,browser-android
jloisel,reactive-couchbase
chirino,hawtdb
blynkkk,blynk-server
rainbowsh,softwaretestcourse
jumpmind,metl
ebayopensource,turmeric-monitoring
campagnelaboratory,variationanalysis
mplacona,selfie
i2p,i2p.i2p-bote
codeqinvest,codeq-invest
boweite,streamcql
rgielen,javafx-weaver
alexvoronov,gcdc-asn1
awslabs,aws-serverless-java-container
merapar,graphql-spring-boot-starter
farrukhjon,experimental-samples
advantageous,qbit
android10,frodo2
timomeinen,team-piazza
rbi,trading4j
meridor,perspective-backend
udacity,jdnd
lespinsideg,simplepanorama
fondesa,lyra
julienledem,redelm
verygoodsecurity,vgs-proxy-spring
chanedi,quickproject
xjdr,xio
droidefense,engine
tuenti,buttonmenu
yrcourage,netty
wadpam,guja
qa82,analyzer
dianping,pigeon
devskiller,friendly-id
infolis,infolink
facebook,stetho
beckhoho,drawlottery
ios-driver,ios-driver
vecnatechnologies,dbdiff
ggj2010,javabase
chandevel,clover
seantater,uncc2014watsonsim
pentaho,pentaho-aggdesigner
jd-wangyin,ak47
sreejesh79,android-socket.io-demo
sonarsource,sonar-scanner-api
jbonofre,karaf-vineyard
graphik-team,graal
kazssym,bitbucket-api-client.java
qufei1993,springboot-course
xetys,jhipster-ribbon-hystrix
zowe,api-layer
devstreet,financeanalytics
project-hop,hop
saseke,poseidon
agoncal,agoncal-fascicle-jpa
fengjiachun,jupiter
qi4j,qi4j-libraries
blackarbiter,android_code_arbiter
toutantic,featureflags
termux,termux-app
wires,degraphmalizer
uw-madison-doit,nexus-rut-auth-plugin
netxms,netxms
robo4j,robo4j
ysc,htmlextractor
opendaylight,aaa
craftingjava,craftingjava-examples
wso2-attic,commons
jonatantierno,scrumdailytimer
janotav,ali-idea-plugin
openconnectors,nifi-pulsar-bundle
cloudera,cm_api
bcdev,coastcolour
flipkart-incubator,okhttp-stats
yeungeek,android-platform-tools-base
xiaolongzuo,niubi-job
bjornharvold,bearchoke
packtpublishing,spring-mvc-beginners-guide-second-edition
nilhcem,bblfr-android
jembi,openxds
emorynlp,nlp4j
revelytix,spark
thinkaurelius,titan
vpaliy,xyzreader
camunda,camunda-bpm-camel
eclipse,che
nativelibs4java,javacl
jamesfalkner,rhoar-examples
quangctkm9207,mvp-android-arch-component
neoremind,navi
spring-projects,eclipse-integration-gradle
borball,weixin-sdk
penberg,falcon
oauth-apis,apis
elasticjob,elastic-job-lite
unquietcode,jcodemodel
pivotal-cf,pcf-metrics-trace-example-spring
sflpro,notifier
igor-baiborodine,java-various-examples
android10,frodo
peter-lawrey,hugecollections-old
adamcin,httpsig-java
ot4i,splunk-log-connector
atomix,copycat
xiaomi,chronos
woshiliyuan,li-tcc
soosterwaal,operias
luqmanahmad,ignite-plugins
androidsdksources,android-sdk-sources-for-api-level-27
danfickle,openhtmltopdf
appfuse,appfuse-demos
caelum,vraptor4
spartalab,wrap
openehr,adl2-core
spark3dp,spark-android-sdk
wlodekkr,chain-of-responsibility
acogoluegnes,spring-batch-in-action
lx8421bcd,quickdevframework
sonarsource,slang
hburgmeier,jerseyoauth2
distkv-project,distkv
phillip-kruger,jello
abhishek-ch,awesome_algorithm
anuragphadke,flume-hive
ibm,crypto-masterkey-keystore
sjcdigital,repasse-server
jpomykala,javagram-bot
ilikeorangutans,omf
stuckless,phoenix-app-ng
hadoop002,smart-retry
jakemannix,mahout
pamarin-tech,commons
apress,spring-5-recipes
ripe-ncc,hadoop-pcap
ozguryazilimas,tekir4
kawasima,enkan
shixinzhang,learnandroid
ctc-g,sinavi-jfw
pushtorefresh,storio
blackpeppersoftware,bowman
robovm,robovm
darliner,vjtools
haifengl,smile
qualinsight,qualinsight-plugins-sonarqube-smell
spring-projects,spring-sync
apache,phoenix-tephra
gsuitedevs,java-samples
akka-ja,akka-doc-ja
minijax,minijax
jersey,jersey-1.x-old
rtyley,android-screenshot-lib
huhuiyu,teachprojects
jiangxinlingdu,rocketmq-all-4.1.0-incubating
opennms,opennms-provisioning-integration-server
nexmo,comms-router
alt236,resource-mirror---android
pegasyseng,artemis
pixnet,android-platform-tools-base
chikecodes,debt-manager
redpill-linpro,alfresco-libreoffice-online-edit
nasaworldwind,worldwindandroid
getbridge,bridge-java
tbrooks8,precipice
avast,bytecompressor
aruberto,business-time
wildfly-swarm-archive,archive-wildfly-swarm
mindwind,craft-atom
vhiribarren,beacon-simulator-android
cyverse-archive,de
opensecuritycontroller,osc-core
forgerock,openam-community-edition
gexyu,quick-cli-java
cryptomator,cryptomator
xiancloud,xian
yahooarchive,gondola
apache,karaf-boot
stephentuso,welcome-android
digidotcom,xbee-java
cdvcz,datex2
symphonytool,symphony
dhis2,dhis2-utils
svenslaggare,elevatorsimulator
xyzworks,elmsparent
lucidworks,hadoop-solr
liveramparchive,megadesk
joelittlejohn,jsonschema2pojo
ketao1989,cnspring
label305,asynctask-android
srchip15,tour-guide-app
dcm4che,dcm4che
ssaring,sportstracker
apache,eagle
openunirest,unirest-java
akubra,akubra
androidannotations,androidannotations
apache,metron
atlantbh,nutch-plugins
iut-cse,ookata
gerrit-review,gerrit
little-pinecone,jwt-spring-boot-angular-scaffolding
openscoring,openscoring
alfresco,gytheio
glazedlists,glazedlists
rxin,jvm-unsafe-utils
dius,pact-workshop-jvm
alf239,wro4j-tag
simonpercic,collectionhelper
mrdon,speakeasy-plugin
xiaotutiger,miyue-music-service
tinkoffcreditsystems,eclair
melin,super-diamond
dia-nz,webcurator
sfuhrm,radiobrowser4j
redhat-italy,hacep
codethereforam,rent-x
apache,incubator-tubemq
tomaszpolanski,options
cocolian,cocolian-data
evant,redux
guardianproject,informacore
jtalks-org,jcommune
fraunhoferiosb,frost-server
synchronoss,nio-multipart
zacharyfox,rmonitorleaderboard
kaiwaehner,ksql-fork-with-deep-learning-function
asad,smsd
gamemodsbr,minecity
jbehave,jbehave-web
smallyunet,jeecg-boot-with-activiti
afimb,chouette
dempsy,dempsy-examples
pierfrancescosoffritti,googleweboauth
hotelsdotcom,waggle-dance
mohamed-taman,tdd
sixro,incubateur
jakewharton,butterknife
dayatang,dddlib
refineriaweb,base_app_android
tanqimin,myfavsorm
mrbw,resilient-transport-service
teamnewpipe,newpipe-legacy
javabeanz,owasp-security-logging
restcomm,smscgateway
cloudstore,cloudstore
lambda-3,indra
norkator,cryptography
tyndale,step
52north,eventing-rest-api
nabucco,org.nabucco.framework.mda
ito-org,react-native-ito
zawadz88,material-activity-chooser
vaadin,archetype-application-example
agoncal,baking-microservice-pie
softwaremill,softwaremill-common
lj128,rocketmq-master-analyze
neo4j-contrib,neo4j-mazerunner
square,tape
asnowfix,android_dalvik
cucumber,cucumber
sigmoidanalytics,spork
eobermuhlner,jshell-scriptengine
spring-projects,spring-data-geode
kobakei,anago
linkedin,brooklin
ppdaicorp,pmq
ithuhui,hui-bigdata-spark
i18next,i18next-android
richpl,merkletree
zcourts,higgs
raatiniemi,sonar-objective-c
mzdu,adsearch_endpoints
caelum,restfulie-java
brettwooldridge,bitronix-hp
lincentma,social-network-analysis-system
gravitee-io,gravitee-management-rest-api
gluster,glusterfs-java-filesystem
wolf480pl,phpass
jonstewart,sleuthkit-hadoop
qwert2603,vk-auto-message
eclipse,vorto
sdnwiselab,sdn-wise-java
ming1016,study
intranda,goobi-viewer-core
googlesamples,easypermissions
chiralbehaviors,jackal
msdk,msdk
yichat,im_server_yichat
kynosarges,tektosyne
thiaguten,rx-mqtt
gocd-contrib,gocd-oauth-login
inbloom,java-sdk
collectivemedia,celos
sdl,odata
vento,rest-api
neo4j,cypher-shell
tfiskgul,mux2fs
geosolutions-it,mapsforge
kiegroup,droolsjbpm-integration
jboss-switchyard,core
shardingsphere-workshop,workshop20200415
stmicroelectronics,stsensnet_android
philipphenkel,ttorrent-android-service
integram,cleverbus
coding-jam,codingjamandroidapp
affo,ingsoft-project
apache,incubator-retired-gossip
apivideo,android-sdk
thorntail,thorntail-poc
cdorrat,geva-clj
ccheneau,holmes
cncdulee,async-event
leonardoxh,livedata-call-adapter
spotify,helios
hotelsdotcom,heat
huawei-hadoop,hindex
alibaba,spring-cloud-alibaba
bbaumgartner,jtoggl
mcgray,todoshare
hawkular,hawkular-datamining
esig,dss-demonstrations
weexteam,hackernews-app-powered-by-apache-weex
richfaces4,core
pfnet-research,menoh-java
continuous-delivery-in-java,extended-java-shop
openpythia,openpythia
benas,jql
readlearncode,json-framework-comparison
lxiong,weixin-java-tools
mariotaku,sqliteqb
bignerdranch,linette
brettporter,centrepoint
wongcain,okuki
cloudera,crunch
deephacks,logbuffers
anhalytics,anhalytics-core
heremaps,here-workspace-examples-java-scala
liimaorg,liima
passsy,compositeandroid
krtek,birthday-widget
ebay,webrex
talend,tbd-studio-se
status-im,ethereumj-personal
fencyio,fency
raarunmozhi,bigdatatemplate
querydsl,querydsl-contrib
itisaid,doris
dpreussler,clean-simple-calendar
webdetails,cpk
actorapp,actor-platform
vveird,streamdeckcore
barchart,barchart-http
horovits,rt-analytics
eventuate-clients,eventuate-client-java
ernestming,javadesignpartternimpl
bhdrkn,java-examples
kuangye098,rocketmq
thomas-young-2013,wherehows-extension
telefonicaid,perseo-core
m1key,audiolicious
jolice,minecraftnetwork
zhangyd-c,oneblog
fengdai,clickguard
joyent,java-http-signature
alexey1gavrilov,expectit
project-sunbird,sunbird-learning-platform
juztoss,rhythmo
cinnober,msgcodec
opencredo,opencredo-cloud-storage
talend,data-quality
sproutsocial,instrumentor
canoo,dolphin-platform
bcdev,beam
octahedronbr,cotopaxi-extensions
iooifun,spring
stardog-union,stardog-spring
apache,distributedlog
8802,8802_ftc_app
threerings,vilya
sonarsource,sonar-scanner-jenkins
spoutdev,spout
rbgkew,reconciliation-and-matching-framework
realityforge,gwt-contacts
savara,savara-core
kpavlov,fixio
framiere,a-kafka-story
qupath,qupath
didi,ddmq
ciberado,domina-ci
allure-framework,allure1
comunes,kune
kostyasha,yet-another-docker-plugin
raxa,raxacore
apache,attic-polygene-java
lky1001,eospocket
fixtradingcommunity,silverflash
fabito,dropwizard-stackdriver
willemjiang,acmeair
stealthcopter,androidnetworktools
wyh-spring-ecosystem-student,spring-boot-student
oldratlee,classloader-playground
checkstyle-addons,checkstyle-addons
blademainer,common_utils
viadeo,kasper-framework
wirecard,sap-commerce-ee
ctripcorp,vi
mctcp,terraincontrol
featureide,featureide
hassan-khan,itus
strapdata,elasticsearch-hadoop
grundid,nfctools
herry-zhang,spring-boot-api-project
osgi,osgi.enroute
fp7-netide,engine
mbari-media-management,vars-annotation
bhits,document-validator
restcomm,restcomm-connect
yncxcw,big-c
qi4j,qi4j-sdk
cjbi,wetech-cms
impetus,jumbune
apache,kylin
divloic,ccloud-registry-action
torodb,engine
androidsdksources,android-sdk-sources-for-api-level-25
elasticjob,elastic-job-cloud
ffgiraldez,migratron
threerings,tripleplay
griddynamics,jagger
eclipse,rdf4j-storage
gsuitedevs,cloud-search-samples
lihongtai,multi-layering-cache
pentaho,modeler
dice-group,palmetto
anthonydahanne,regalandroid
ritwiksaikia,jsonrpc
horizon-institute,artcodes-android
everteam-software,security
ldp4j,ldp4j
srnsw,xena
dice-group,factcheck
chrynan,android-guitar-tuner
milliondreams,moquette-mqtt
abhijitparida,bunk
ravidsrk,android-testing-guide
dsrcorporation,imf-conversion
googleads,keyword-optimizer
ebserhaghu,aghu-sistema
mysterionrise,information-retrieval-adventure
dain,leveldb
microsoft,applicationinsights-java
orange-cloudfoundry,spring-cloud-s3-connectors
dozermapper,dozer
yaogdu,datax
dhis2,dhis2-fhir-adapter
gardncl,elements-of-programming-interviews
lx0758,android-librarys
vert-x3,vertx-stack
spring-cloud-services-samples,traveler
lmcgrath,scotch-lang
ebay,eagle
adambien,javaee-bce-pom
bleemliu,farpc
v-ladynev,fluent-hibernate
jclouds,jclouds
stephenc,java-iso-tools
paypal,resteasy-spring-boot
airbnb,reair
guppy4j,libraries
techempower,gemini
opentracing-contrib,java-elasticsearch-client
serso,android-messengerpp
confluentinc,kafka-connect-storage-common
chiralbehaviors,voronoi-3d
yamj,yamj-v2
microsoft,appcenter-sdk-android
lmco,eurekastreams
davidmigloz,go-bees
sccapstone,robotca
torakiki,pdfsam
samtools,htsjdk-next-beta
platonnetwork,platon-java
jpos,jpos
czy1024,luna-commons
e-commerce-sample,ecommerce-inventory-service
rdelbru,siren
relaxng,jing-trang
rubante,moquette
redfin,fuzzy
siemens,jminizinc
ngageoint,opensphere-desktop
woorea,openstack-java-sdk
shagwood,micro-genie
jdahlstrom,vaadin.react
lastrix,asn1s
careerbuilder,statistical-phrase-identifier
jeffheaton,aifh
joyrpc,joyrpc
highsource,maven-jaxb2-plugin
apache,tajo
kengotoda,guava-helper-for-java-8
hector-client,hector
schinizer,rxunfurl
fangdd-open,duo-graphql
imrenagi,microservice-skeleton
pm-master,harmonia-1.6
ezhome,android-rxpresenter
biocaddie,foundry-es
gaul,modernizer-maven-plugin
bluebrain,bluima
iusofts,blades
dandelion,dandelion-datatables
jcabi,jcabi-maven-plugin
droidsonroids,starwarsrosieexample
exoplatform,social
elimu-ai,ml-authentication
beworker,magnet
rpgtoolkit,editor
aptoide,aptoide-client-v8
restful-api-description-language,radl
yandex,yoctodb
shroffk,phoebus
hantsy,helidon-sample
my2iu,domjnate
codenvy-legacy,che-core
actoron,jadex
thuryn,your-local-weather
kuros,random-jpa
apache,metamodel
scobal,seyren
dempsy,dempsy
apache,brooklyn-library
redhat-developer-demos,faas-tutorial
kbastani,javaone-2016
att,resiliency-studio
200puls,darksky-forecast-api
badoo,chateau
jellyfin,jellyfin-androidtv
ebayopensource,turmeric-security
mwitkow,java-flagz
songxinjianqwe,springbootcentralizedskeleton
tehmaze,confidentiality
pzinsta,pizzeria
fxmisc,richtextfx
apache,attic-rave
luchsh,bridgedcheap
apache,incubator-retired-blur
rodolfodpk,myeslib
matthewmccullough,encryption-jvm-bootcamp
dmatej,glassfish
savoirfairelinux,ring-client-android
openlmis,open-lmis
egovernments,egov-services
unige-pinfo-2019,pinfo1
scienjus,spring-cloud-etcd
remoting,dubbox
ankor-io,ankor-framework
spring-framework-guru,sfg-blog-posts
cerner,jwala
yngui,jephyr
neo4j-contrib,neo4j-jfr
chelseyful,sudo-ku
weibanggang,graduationproject-
aseovic,coherence-tools
rkapsi,ardverk-dht
ffissore,jrecordbind
armueller,fluxyandroidtodo
monticore,monticore
sogilis,sonarqube-for-android-example
modum-io,tokenapp-backend
smartdataanalytics,dl-learner
arquillian,arquillian-cube-q
ebean-orm-examples,avaje-ebeanorm-examples
ebay,yidb
rickding,hellojava
zielu,gittoolbox
liuling07,simplenews
olinux,twice
kevinten10,ware-tim
protyposis,mediaplayer-extended
emilybache,validateandaddproduct-refactoring-kata
photobucket,solbase-solr
tulskiy,musique
maxant,genericconnector
bylee5,calcite-elasticsearch
ibm,java-async-util
leege100,java8-the-missing-tutorial-zh
ericedens,urllib
doublesmile,dubbo-learning
abhigit-hub,base-mvp
hamcrest,javahamcrest
sakserv,hadoop-mini-clusters
mashin-io,oep
heisedebaise,tephra
itspriyesh,fontster
swordmaster2k,rpgwizard
chaokunyang,microservices-event-sourcing
modeshape,modeshape-examples
paninij,paninij
spring-projects,spring-mobile
alibaba,pelicandt
opentracing-contrib,java-metrics
52north,sos-importer
phax,ph-bdve
snuspl,mist
google,java-monitoring-client-library
banq,articles
polarsys,eplmp
nciaravola,ponysdk
beangle,beangle3
multibit-legacy,multibit-hd
testing-av,testing-video
jerkar,jeka
jimdowling,nat-traverser
hazelcast,hazelcast-hibernate5
open-intelligence,qizhi
smartdataanalytics,jena-sparql-api
mapbox,mapbox-assistant-example
guxingke,mini-jvm
yopeio,payment-api
mannd,epmobile
spongepowered,spongedocs
texttechnologylab,textimager-uima
awronski,allegro-nice-api
axelua95,paytomat-crypto
ebay,jsonex
gdgand,android-rxjava
geosolutions-it,imageio-ext
ftomassetti,analyze-java-code-examples
lugribossk,dropwizard-experiment
lexicalscope,jewelcli
kevinherron,ua-server-sdk
plaidgroup,plaid-lang
hiddenswitch,spellsource-server
tomwhite,whirr
pinterest,soundwave
jogetworkflow,jogetworkflow
konmik,nucleus
joshlong,spring-advanced-marhshallers-and-service-exporters
h908714124,jbock
airlift,discovery
fetlife,android
ycg000344,wm.program
ibm,ibm-cos-sdk-java
herrmanntom,setlx
liyanaroslieyamato,omninotes
aalmiray,griffon-examples
teatrove,teatrove
uea-machine-learning,tsml
pveentjer,multiverse
juankysoriano,materiallife
zkhan011,fmssrc
nfscan,nfscan
marselsidikov,java_it_park_work_3
iterate-ch,cyberduck
flinkml,flink-modelserver
pierre,ning-service-skeleton
fabric8io,ipaas-quickstarts
sealuzh,msr18-docker-dataset
ameizi,jersey2-restfull-examples
bmf-rksv-technik,at-registrierkassen-mustercode
alenca,zklogtool
emirweb,liason
mast-group,api-mining
bdqfork,festival
software-engineering-amsterdam,myriad-ql
rebase-it,rebot
loda-kun,spring-boot-learning
adambien,lightfish
dominokit,domino-mvp
nerdammer,spash
monakhv,samlib-info
google-gson,typeadapters
zqhero,deviceinfodemo
eseifert,gral
toolisticon,annotation-processor-toolkit
opengauss-mirror,opengauss-connector-jdbc
lfcnassif,iped
evrythng,evrythng-java-sdk
polaralex,minusxl
zhengjunbase,codehelper.generator
ushahidi,smssync
zenika,blogs
packtpublishing,-microservices-architecture-building-enterprise-grade-solutions
senbox-org,snap-desktop
fenixedu,bennu
ruicao93,onos-icoa
gofore,aws-training
ogrisel,mahout
ggj2010,springcloudsamples-ggj
hooj0,spring-data-fabric-chaincode
zacsweers,inspector
cscenter,hpcourse
8431,hxsg
mguymon,red5-mavenized
duyp,mvvm-template
as0ler,android-tools
mrombout,spiner
sevenex,wallet-rpc
alibaba,tac
kyoripowered,text
gridgo,gridgo
wangli135,blogdemo
openliberty,open-liberty
jplu,adel
brarcher,loyalty-card-locker
theopencloudengine,beluga
subchen,jetbrick-template-2x
societe-generale,sonar-openapi
aws-samples,djl-demo
tonilopezmr,game-of-thrones
apress,creating-maintainable-apis
apache,hadoop-ozone
kontalk,androidclient
awslabs,realworld-serverless-application
lixiang-share,rpg_jg
talhahasanzia,easy-parsers
aaberg,sql2o
gmueclab,ecj
loom-build-tool,loom
yahooarchive,druid-extensions
metteo,jts
adblockplus,libadblockplus-android
fredhopper,hybris-connector
fgiannesini,libsassgradleplugin
manas-chaudhari,android-mvvm
jiangjie888,open-smartcloud
monkeyk,oauth2-shiro-redis
networknt,light-rest-4j
mariusneo,algorithmics
workable,java-error-handler
exo-archives,ks
zeebe-io,spring-zeebe
shensky711,run-with-you
ryoasai,spring-mvc-exts
square,rack-servlet
longkerdandy,chii2
actiontech,txle
karumi,headerrecyclerview
muten84,xdcc4j
univali-lite,portugol-studio
fastconnect,tibco-bwmaven
chompi,openrtb2x
stumbleuponarchive,hbase
bobhanson,jmol-swingjs
cn-src,wechat
huygensing,timbuctoo
sonarsource,sonar-php
intelligent-systems-group,jpl-framework
cossme,grinder
vincentx,i0
javaee,glassfish-corba
libreplan,libreplan
joinany,phoenix-for-cloudera
dspace,dspace-svn-deprecated
boomblog,incubator-dubbo-vip1
muoncore,newton
droibit,rxactivitylauncher
inchaincodes,inchain
wala,wala
a0x8o,flink
cortical-io,java-client-sdk
52north,wps
seage,seage
ahmed-abdelmeged,githubarch
codenvy-legacy,che-plugins
acr31,features-javac
codemateltd,android-cucumber-bdd-sample
smartdevicelink,sdl_java_suite
semweb4j,semweb4j
derklaro,reformcloud2
netflix,denominator
cognifide,aet
fewlaps,flone-android
tita,tita
javaee,glassfish
jloisel,spring-boot-hazelcast
52north,series-rest-api
cloudera,flume-ng
yandex-qatools,android-wifitool
sundrio,sundrio
gavinct,meituanlintdemo
hyperledger,sawtooth-sdk-java
gongtengxinyi,monitor-parent
addthis,hydra
collaborationinencapsulation,from-zero-to-reactive-hero
djsecret,sprprojects
dkpro,dkpro-core-examples
org-hejianhui,niuh-spring-boot-starter
brandwatchltd,robots
cgeo,mapsforge
fabric8io,fabric8-kit
albintheander,meqantt
griddynamics,banshun
skylark95,amazon-app-notifier
ulisesbocchio,jasypt-spring-boot
quux00,simplecsv
kitsook,chacha20
sebhoss,memoization.java
planetfederal,suite
adorsys,xs2a-adapter
sonatype-nexus-community,nexus-repository-apk
hantsy,ee7-jaxrs-sample
zhanghuang03,grus
camunda,camunda-bpm-spring-boot-starter
badoo,hprof-tools
apache,uima-sandbox
habernal,semeval2018-task12
appstorefoundation,asf-sdk
kolloldas,easynlu
modelmapper,modelmapper
ctripcorp,dal
captainbern,reflection
lodsve,lodsve-framework
hantsy,spring-microservice-sample
eclipse,eclipse-collections
dzavalishin,mqtt_udp
itext,itext7
mathisdt,trackworktime
spring-projects,spring-social-twitter
doinglee,reading--spring-3.x-enterprise-application-development
glucosio,glucosio-android
devrandom,java-stratum
jubatus,jubatus-msgpack-rpc
droiddevgeeks,newsapp
eclipsesource,modelserver
ahmed-adel-ismail,litecycle
endercrest,colorcube
nisrulz,sensey
danielpacak,com.github.danielpacak.jenkins.ci
mapzen,on-the-road_android
various-databases,neo4j-nlp
phasebash,jsdoc3-maven-plugin
adorsys,xs2a-sandbox
esl,mangosta-android
jtulach,bck2brwsr
dektar,jterm-cswithandroid
powerunit,powerunit
neo4j-attic,graphdb
ibm-cloud,todo-apps
aikin,refactoring-kata
protostuff,protostuff-examples
mindorksopensource,android-mvvm-architecture
davioooh,datatables-pagination
ahmedaljazzar,rosetta
arquillian,arquillian-container-chameleon
camunda,camunda-bpm-reactor
includeyy,educationsystem
fudanselab,train-ticket
nhnnext,2017-01-hudi-mac-char
dlazaro66,wheelindicatorview
jakewharton,telecine
octo-online,reactive-audit
antoniolg,androidmvp
davpapp,powerminer
hyscale,hyscale
codepediaorg,podcastpedia
luontola,jumi
rinde,rinsim
arello-mobile,moxy
anathema,anathema_3e
sundeepk,compactcalendarview
emory-courses,cs323
akraxx,gitlab-jira-integration
udoprog,tiny-async-java
aliyun-beta,aliyun-oss-hadoop-fs
rewe-digital-incubator,integration-patterns
fjfd,microscope
openfoodfacts,openfoodfacts-androidapp
rapidoid,rapidoid
blundell,quicksand
mastercard-gateway,gateway-android-sdk
nexenio,ble-indoor-positioning
operutka,jlibav
n26,n26androidsamples
setgeek,opc-da
readlearncode,java-ee-8-sampler
rybalkinsd,atom
kurento,kurento-room
cognifide,bobcat
ericsson-lmf,iot-gateway
nvanbenschoten,motion
arouel,uadetector
kevinsawicki,etag-cache
testmycode,tmc-intellij
sevenfang,datacenter
dmfs,uri-toolkit
homeadvisor,robusto
apache,attic-wink
jidesoft,jidefx-oss
commit451,easycallback
offbynull,actors
ljygz,flink-cepplus
ops4j,org.ops4j.pax.url
universum-studios,android_font
nicolasmanic,perses
skyost,algogo
spring-cloud,spring-cloud-open-service-broker
lmxdawn,him-netty
huashen,netty
ulisesbocchio,spring-boot-security-saml
spring-sprout,egov-data
barchart,barchart-udt
adijo,programming-pearls
fcrepo3,trippi
fabric8io,agent-bond
bignerdranch,expandable-recycler-view
gudaoxuri,dew
epimorphics,elda
airlift,airship
jiangjibo,rocketmq
netflix,genie
tsypuk,springrestdoc
vernonlee,theogony
private12,project-koanalyzer
lowwor,realtime-bus
prpatel,quarkus-workshop
cjdev,httpobjects
keepsafe,relinker
berryworkssoftware,edireader
jpfeffer,teamcity-highlighter
jenpet,mbdev
germanattanasio,professor-languo
ltf,lab
openzipkin,zipkin
yangwm,tooyoung
deeplearning4j,nd4j
johrstrom,cloud-meter
drazzib,neo4j-examples
poetix,octarine
mrdear,javaweb
clockbyte,admobadapter
yu120,neural
tencent,tubemq
sourcepole,jasperreports-wms-component
jksiezni,xpra-client
lambda-3,graphene
wordpress-mobile,wordpress-utils-android
varunu28,elements-of-programming-interviews
tigase,stork
gyfora,streamkv
amaronui,amaronui-layouts
xkcoding,scaffold
tmobile,kardio
robinhood,spark
rcsb,symmetry
opendaylight,openflowjava
scorpiolzl,cloudsim
knobtviker,bme680
jack921,reactnativeparam
khmarbaise,maven-training
fabric8io,fabric8-maven-plugin
bava,intro-gradle
dsolonenko,financisto
sing-group,gc4s
chiuki,android-testing-recipes
siglus,lmis-moz-mobile
projectccnx,ccnx
up1,course-microservice
uber,tchannel-java
apache,geronimo-specs
androidstarters,generator-android-architecture
weblyzard,streaming-sparql
flexovm,flexovm
geoserver,geofence
rui-santos,icoin
drftpd-ng,drftpd3
fuinorg,event-store-commons
jakewharton,salvage
eyesfirst,eyesfirst
qoswork,opennmszh
rushgit,instantrun
udacity,ud859
quicklyric,quicklyric
comtest,comtestnist
egzosn,pay-java-parent
smartitengineering,smart-cms
lytico,db4o
governance,rtgov
thangbn,console-drawing
uqdeco2800,farmsim
dzikoysk,pandaorm
bittigerinst,minicassandra
axonframework,cdi
nano-projects,nano-framework
laisly,weex
tlaukkan,zigbee4java
minidns,minidns
kervinpierre,vfs-azure
apress,def-guide-to-firebase
fudannlp,fnlp
arquillian,arquillian-extension-persistence
duraspace,lambdora
jpos,jpos-ee
openestate,openestate-io
pkainulainen,spring-data-solr-examples
opennvm,nvmkv-java
kuali,kfs
plexsystems,plex-http-data-source-android-sdk
ctrip-di,hue-ctrip-di
outbrain,aletheia
maskarade,staticgson
blipinsk,staggeredanimationgroup
gatein,gatein-portal
spring-cloud-stream-app-starters,tensorflow
openstack,sahara-extra
dick-the-deployer,dick
bcdev,beam-meris-core
dworkin,reddwarf
simon987,much-assembly-required
chonton,apm-client
findwise,hydra
makotogo,tddwithjunit
cogcomp,cogcomp-nlp
yangziwen,diff-check
shekhargulati,conduit-on-kubernetes
la-team,light-admin
gitorto,extractu-plugin
jasig,coursesportlet
eclipse-ee4j,glassfish
maciejmiklas,cyclop
sikuli,sikuli-slides
camphul,trampoline
jerpowers,intellid
mrp130,smell
hnnw,xuecheng
maksim-m,popular-movies-app
cettia,cettia-java-server
iotoasis,si
gstnindia,hbase-to-hive
apache,asterixdb-hyracks
santanusinha,dropwizard-service-discovery
alan2lin,makefsm
julianhyde,optiq
neilbeveridge,zuul-netty
confluentinc,ksql
schweizerischebundesbahnen,apim-adapter
long-re,long
cristianabrante,capacityvehicleroutingproblem
tfdream,spring-boot-tutorials
aviewdevs,aview
canhnt,sne-xacml
coding-blocks,digitaloceanapp
ajitsing,sherlock
leon2017,androidrndemo
gcacace,dex2jar
rasoio,daon
coti-io,coti-trustscore-node
pietsmietapp,pietsmiet_android
uber,uber-graph-benchmark
nightscout,android-uploader
aliyun,aliyun-mobile-weex
aksw,rdfunit
hotswapprojects,hotswapagent
northernstars,mr-fwns
cailiaodevorg,dfs
androidknife,utils
pivotalsoftware,session-managers
dashevo,dashj
diging,giles-eco-giles-web
huxi,lilith
sanjayvacharya,sleeplessinslc
3pillarlabs,spring-data-simpledb
sebastian-hofstaetter,ir-generalized-translation-models
ballerinax,kubernetes
spring-cloud,spring-cloud-app-starters-maven-plugins
foundery-rmb,kubernetes-service-discovery
spinn3r,artemis-framework
gnecula,bond
xfsnow,android
tracee,tracee
activiti,activiti-cloud-audit-service
katiejots,superhero-monads
dianping,puma
thulab,iotdb
bartoszm,yang2swagger
tangxiaolv,android-router
nipra,jafun
vanniktech,onactivityresult
oryxproject,oryx
jwills,exhibit
b4dt0bi,silvertunnel-ng
kchrusciel,spring-boot-examples
davidvaleri,intro-to-camel-by-example
spccold,dubbo-comments
onehippo,essentials
franmontiel,localechanger
projectodd,stilts
ananas-analytics,ananas-desktop
russelarms,offsetanimator
scxwhite,parsex
icgc-dcc,dcc-release
norecha,pokubot
jclawson,hazeltask
chanjarster,weixin-java-tools
wusi05,hadoop-book
source4code,repo
jkorab,ameliant-tools
apache,incubator-samoa
dcm4che,dcm4chee-arc-cdi
kbss-cvut,jopa
java-diff-utils,java-diff-utils
aradomski,navigator
tmurakami,dexopener
home-climate-control,dz
fabric3,fabric3-core
opengeoportal,ogpharvester
exslims,mercurytrade
fitpay,fitpay-android-sdk
ovidiuf,playground
thucydides-webtests,thucydides
gildasmorvan,similar2logo
cfparser,cfparser
95mistake,sonar
k19,k19-arquivos
egovframe,egovframework.rte.root
apress,pivotal-certified-pro-spring-dev-exam-02
tomighty,tomighty
adrodoc,mpl
open-android,picasso
marcelosousa,descartes
jmxtrans,jmxtrans
crossoverjie,ssm
pinterest,singer
soulwing,cas-extension
paypal,selion
stephanenicolas,toothpick
chids,logback-messaging-appenders
seratch,junithelper
apache,incubator-brooklyn
porcelli,openspotlight
germnix,acacia
devnull-tools,boteco
esfand,axon-auction-example
calebfenton,simplify
onodevteam,onochain
apache,incubator-tez
steppschuh,java-markdown-generator
giscience,openrouteservice
darliner,weixin-java-tools
universum-studios,android_recycler
unc-libraries,carolina-digital-repository
logicaldoc,document-management-software
boundary,fasttuple
sunlightandroid,nativeaddrndemo
jeffli1993,springdream
ianspryn,magis
ciscodevnet,ioam
governance,dtgov
fluxoid-org,cyclismoproject
victorrentea,training
apache,metamodel-membrane
cancerian0684,dli-downloader
houbb,retry
amitbcg,event-stream-processing-microservices
powermock,powermock-examples-maven
shunfei,indexr
categolj,categolj2-backend
huxi,sulky
eclipsesource,graphical-lsp
ingresspub,ingress.data.gdpr
ngageoint,mrgeo
ayvee,summarystore
gigigo-android-devs,gigigo-utils-suite
mast-group,itemset-mining
e-commerce-sample,ecommerce-product-service
nitorcreations,domainreversemapper
connectbot,connectbot
republique-et-canton-de-geneve,chvote-1-0
confluence-publisher,confluence-publisher
lumenaut-network,tools
dsukhoroslov,bagri
openems,openems
cuica20,oca_1z0-808
letiantian,mybatis-tutorial
westnordost,countryboundaries
spring-cloud,spring-cloud-aws
glowingyilia,ddmlib
ozimov,spring-boot-email-tools
chenjianjx,srb4j
vipshop,saturn
eugenp,tutorials
code-not-found,jms
zerqent,cloud-storage-vault
activiti,activiti-cloud-query-service
yannanzheng,filedownloader-master
whatsapp,stringpacks
manupsunny,gauge-gradle-plugin
codinguser,gnucash-android
turn,datamine
jpetitto,rxjava-android-example
androidknife,rxbus
sitecore,sitecore-android-sdk
segmentio,cartographer
sayi,swagger-dubbo
kixeye,chassis
stoyanr,wordcounter
springside,springside4
nkcoder,quartz-explained
jchempaint,jchempaint
artist-project,artist
alessandrojp,android-easy-checkout
evant,binding-collection-adapter
jboss-fuse,quickstarts
jeffli1993,fast-framework
ptrstovka,calendarview2
spaziocodice,jena-nosql
playtika,aerospike-janusgraph-storage-backend
opentelecoms-org,jsmpp
cagataygurturk,lambadaframework
gschmutz,various-demos
hotswapprojects,hotswapagentexamples
linkedin,dynamometer
openhft,chronicle-queue-demo
waarp,waarp-all
google,physical-web
dscho,javamail
meisterschueler,ogn-viewer-android
zzt93,daily-pracitce
rohansuri,adaptive-radix-tree
pigcasso,appchooser
nceas,metacat
trisia,ofdrw
bblfsh,java-driver
youkaichao,minidb
apache,netbeans-html4j
danielserdyukov,alchemy
javaee,metro-jax-ws
m-szalik,javamail
migtavares,owmclient
carml,carml
federicoiosue,omni-notes
ning,arecibo
reactor-incubator,assertj-reactor
skomazec,sparkweave
packtpublishing,java-11-cookbook-second-edition
nhsconnect,careconnect-reference-implementation
obergner,hazelcast-server
openconext,openconext-oidc
jboss-switchyard,components
packtpublishing,full-stack-development-with-jhipster-second-edition
ykayacan,yoloo
mulesoft,mule-agent-modules
open-eid,digidoc4j
wen-fei,angeleyes
aposin,licensescout
aevi-uk,android-rxmessenger
linux-china,dubbo3
kawasima,bouncr
sonatype,nxrm3-maven-plugin
vibe-project,vibe-java-platform
cloudfoundry-attic,vcap-tools
geosolutions-it,geobatch
obsidiandynamics,socketx
springforall,springcloud-thoth
signalapp,aes-gcm-provider
hazelcast,hazelcast-hibernate-3-and-4
commonjava,atlas
zauberlabs,gnip4j
netflix,mantis-connectors
hawkular,hawkular-bus
nguillaumin,nabaztag-server
xuxueli,xxl-job
xie-summer,new-cloud
raphaeljolivet,java2typescript
neuroph,neuroph
nilhcem,droidconat-2016
xorlev,grpc-jersey
openjavacard,openjavacard-libraries
ksch-workflows,ksch-workflows
sonarsource,sonar-python
kawasima,rodriguez
castlabs,dashencrypt
pkainulainen,spring-social-examples
ita-social-projects,greencity
computationalcore,graphenej
benas,spring-batch-lab
easycodingnow,gendoc
qafedev,qafe-platform
davpin,cf-springboottrader
nuppan,georgia-tech
dunwu,javaweb
planetfederal,geotools-2.7.x
ligasgr,intellij-xquery
soenter,updiff
androidsdksources,android-sdk-sources-for-api-level-29
netceteragroup,valdr-bean-validation
xafero,dynkt
ipeirotis,troia-server
twitter-archive,elephant-twin
chinalhr,javaquarkbbs
adobe,metrics-client-for-java
oktadeveloper,okta-jhipster-microservices-oauth-example
t-nova,marketplace
googlearchive,firebase-jobdispatcher-android
biopax,paxtools
bptlab,unicorn
jaxio,celerio
reark,reark
guardtime,ksi-java-sdk
seaseltd,ltr-tools
richfaces,richfaces-sandbox
ridencww,goldengine
netflix,suro
kevalpatel2106,smart-lens
difi,vefa-peppol
spring-cloud,spring-cloud-netflix
sap,cloud-odata-java
scigraph,scigraph
waikato,moa
brarcher,budget-watch
diging,citesphere
zeebe-io,zeebe
dianbaer,grain
jcherng-pivotal,scs-etl-demo
flyingsaucerproject,flyingsaucer
frode-carlsen,cron
uber-archive,chaperone
rspilker,spi
te-con,ehour
cambecc,grains
drugis,mtc
joxy-laf,joxy-oxygen
bettercloud,scim2
ribeirux,hashes
liyanxi,reactnativedemo
xwlcn,dodder
iansrobinson,graph-databases-use-cases
raydac,jhexed
pmarques,socketio-server
eclipse-ee4j,nosql
ontotext-ad,s4
javaee-samples,javaee7-samples
binglind,alchemy
shenli-uiuc,pyrodb
amazon-archives,gaming-analytics-pipeline
onehilltech,concurrent
stripesframework,stripes
btkelly,gandalf
refinitiv,elektron-sdk
premiummarkets,pm
yamcs,yamcs
matthias-christen,patus
everonhq,station-simulator
gooddata,gooddata-java
springcloud,moss
holyjak,static-jsfexpression-validator
wiproopensource,openbdre
jiwhiz,jiwhizblogweb
restcomm,load-balancer
egovernments,egov-smartcity-suite
foo4u,spring-mvc-cache-control
nagabhushanamn,nex-wissen
qsft,mensa
facebookarchive,ig-disk-cache
oxaoo,mp4ru
gjxaiou,project
sonarsource,sonar-css
jibbo,base-mvp
jboss-switchyard,switchyard
hyperledger-archives,fabric-api-archive
calabash-driver,calabash-driver
srotya,tau
dkpro,dkpro-tc
joshdrummond,webpasswordsafe
geosolutions-it,mapstoremobile
andybrodie,xml2csv
isp-insoft-gmbh,swingx
datasays,wes
doyleyoung,cola-maven-plugin
openmrs,openmrs-module-sync2
bparmentier,wifikeyshare
ow2-proactive,programming
vladmihalcea,hibernate-types
ljygz,flink1.8-analyse
researchgate,gradle-release-examples
intomylife,springcloud
shekhargulati,rx-docker-client
cschneider,karaf-tutorial
jpmorganchase,sandboni-core
tzolov,geode-dashboard
ztkmkoo,dss
c2mon,c2mon
mundane799699,blog_code
lumifyio,securegraph
stephenh,dtonator
netflix,turbine
apache,james-project
asqatasun,contrast-finder
chen56,firebats
intuit,benten
autohomecorp,dbtree
20n,act
punkhorn,jboss-sap-jca
novoda,no-player
kframework,k
wikimedia,kraken
dtanzer,metalshell
adambien,enhydrator
jakewharton,u2020
phenomics,ontolib
senx,warp10-platform
shiyuan2he,springcloud
apache,incubator-dlab
craftingjava,springuni-particles
apache,incubator-retired-edgent
drugis,addis
akuhtz,timingframework
chenpengliang0909,wxjava
gallery,gallery-remote
karussell,jetwick
eclipse,mylyn.docs
data2semantics,d2s-tools
signalapp,signal-android
armmbed,mbed-cloud-sdk-java
rortian,jung2
smartbear,readyapi4j
signal,agathon
xwiki-contrib,oidc
dhanji,sitebricks
javaparser,javaparser
slimroms,apktool
jbonofre,winegrower
codecentric,spring-boot-starter-batch-web
psnc-dl,darceo
torodb,mongowp
bedatadriven,rebar
seeker,similarimage
fabianishere,broccoli
kawasima,falchion
wgybzbrobot,sina-services
gengyifeng,netcdf-java-hadoop
teamnewpipe,newpipeextractor
sagar-jadhav,spring-boot-microservices
vsfexperts,rbac
sunng87,bason
spedge,hangar
itesla,ipst
heribender,socialdataimporter
stylingandroid,nougat
scassandra,scassandra-server
linkedin,kube2hadoop
rmartico,curso-desarrollo-avanzado-java-tema-pruebas
universum-studios,android_pager_adapters
mapplus,spatial_statistics_for_geotools_udig
jaegertracing,jaeger-analytics-java
brutall,brut.apktool.smali
ybayk,rxjava-recipes
mike10004,antiprint
mozilla-tw,firefoxlite
senbox-org,snap-examples
jbonofre,karaf-boot
apache,falcon
shopzilla,catalog-api-client
schwarzit,andcoachmark
adessoag,jenkinshue
dialogflow,dialogflow-java-client
adobe,experience-platform-etl-reference
yandex-qatools,matchers-java
deeplearning4j,rl4j
estatio,estatio
stamp-project,botsing
f2prateek,progressbutton
eclipse-vertx,vertx-tracing
dbiir,pard
kamilfb,mqtt-spy
jagornet,dhcp
tinkerpop,rexster
arquillian,arquillian-graphene
dianping,dianping-open-sdk
artjimlop,clean-architecture-example
frost373,kitdb
rightmesh,ripple
kejunxia,androidmvc
amino-os,amino.run
weexext,ucar-weex-core
agentgt,jirm
renatoathaydes,osgiaas
eharmony,vw-webservice
leelovejava,springboot-learning
debezium,debezium-incubator
haridaniel,payrollcasestudy
ueboot,ueboot
coreflodev,openchat
owlcollab,owltools
viltgroup,minium
wix-incubator,wix-maven-teamcity-plugin
orange-opensource,ocara
slaclab,datacat
xwiki,xwiki-platform
vmware-archive,thinapp_factory
mercyblitz,confucius-commons
adobe,commerce-cif-connector
fabriziocucci,yacl4j
spring-projects,spring-hadoop-admin
ultrabrew,metrics
chubaostream,joyqueue
klinker41,article-android
spheras,messic
sancha,jrae
gumartinm,javaforfun
dinstone,jrpc
wihoho,dhtcrawler
janusgraph,janusgraph
apache,maven-invoker-plugin
demandcube,scribengin
rlshep,bjcpbeerstyles_android
connectbot,simplesocks
quanturium,bouquet
81813780,dribbbler
howsun,howsun-javaee-framework
mouse0w0,configuration
vlingo,vlingo-examples
aalmiray,javatrove
vmware,admiral
barancev,decorated-webdriver
apache,incubator-streampipes
oracle,opengrok
serso,android-calculatorpp
vbier,habpanelviewer
malinskiy,sheldon
qubole,rubix
aerogear,aerogear-android-sdk
marklogic,marklogic-data-hub
johnmartel,javaccplugin
emilsjolander,sprinkles
jwiesel,sfdccommander
zq2599,blog_demos
mkarneim,beanfabrics
zhshuixian,learn-spring-boot-2
razvansimion,jhipster-kubernetes-istio
merck,halyard
jsonchao,awesome-wanandroid
rmuller,infomas-asl
rcgroot,open-gpstracker
neo4j-contrib,neo4j-tinkerpop-api-impl
cmusphinx,sphinx4
arover,moment
daniellavoie,confluent-microservices
saucelabs,sauce_bindings
epam,htsjdk-s3-plugin
verapdf,verapdf-library
simonscholz,rxswt
hortonworks,nifi-android-s2s
grahamar,cron-parser
jaihirsch,mongodb-java-examples
novoda,notils
camnter,savevolley
connect-solution,connect
extremeprogramming-cn,rtw
pierre,serialization
hanmourang,pinot
apache,incubator-ratis
auth0,react-native-lock
atlasmap,atlasmap
karumi,marvelapiclientandroid
oracle,accs-caching-java-sdk
graphhopper,graphhopper-navigation-android
eclipse,microprofile-conference
ihcf,fatecbot
goldmansachs,jdmn
micromata,projectforge
xfyun,athenaserving
chennaione,sugar
opendatakit,collect
jojozhai,spring-test
wenxinzizhu,geekhalo-ddd
zccodere,study-imooc
dooapp,fxform2
ohmnibus,quick-dice-roller
sjsucmpe275,fluffy
abbaspour,urmia
kentico,kontent-delivery-sdk-java
robeio,robe
code4romania,monitorizare-vot-android
veithen,visualwas
tomaszpolanski,android-modularization
v12technology,fluxtion
jtalks-org,poulpe
sharenowtech,endpoint2mock2
mitre,rhapsode
apress,practical-jsf-java-ee-8
yanglbme,redis-multi-programming-language-practice
primecloud-controller-org,primecloud-controller
egnaf,spring-boot-vue-docker-example
nttdata-emea,cinnamon
dice-group,iguana
opf-labs,planets-contrib
openmrs,openmrs-module-radiology
peholmst,vaadin4spring
hefuyicoder,zhihudaily
hiddenstage,divide
webankfintech,weevent
lukashinsch,spring-boot-actuator-logview
junit-team,junit.contrib
pentaho,pentaho-vertica-bulkloader
tylerbwong,pokebase
deeplearning4j,arbiter
daxiak,mydiary
qihoo360,quicksql
jdeferred,jdeferred
apache,attic-whirr
scm-spain,api-down-checker
leekoko,java-web
freeacs,freeacs
marapapman,violist
ahmed-adel-ismail,owmapp
chenrenfei,sagacity-sqltoy
dbiir,paraflow
othorizon,spring-best-practices
vrk-kpa,rest-adapter-service
puniverse,capsule
aosp-mirror,platform_frameworks_support
aliyun,opentsdb-java-driver
sel-columbia,dristhi-app
eyeseetea,malariapp
microbule,microbule
square,whorlwind
carleslc,simple-yaml
universum-studios,android_preferences
aevi-uk,android-pos-print-api
teovoinea,glifrp
monnoroch,android-testing
oktadeveloper,okta-ionic-crypto-java-sdk-example
learningtcc,dubbox
collabinate,collabinate
seedstack,seed
cmput301w18t16,spaghetticodehq
ctripcorp,apollo
tinkoffcreditsystems,neptune
vladmihalcea,flexy-pool
jiangqqlmj,fastdev4android
huizhong,fantuan
eclipse-ee4j,mail
streetflaneur,rxjavaretrofit
dancojocar,ma
jeefuse,jeefusemda
rxhandson,marketdata
richardradics,mvpandroidbootstrap
100rabhkr,downzlibrary
tumcms,momentum
rub-nds,dtd-attacks
apache,incubator-hudi
wealthfront,kawala
camelcookbook,camel-cookbook-examples
asanzdiego,codemotion-2017-taller-de-jhipster
stadtbern,ki-tax
developjoseph,jca-sockets
cpesch,metamusic
patternfm,tokamak
crossoverjie,netty-learning
keeplingshi,machinelearning
jacek-marchwicki,recyclerview-changes-detector
bakdata,dedupe
chenjy16,gts
google,capillary
inspectit,inspectit
ssilence,scotty
line,clova-cek-sdk-java
v5developer,maven-framework-project
bitronix,btm
magro,memcached-session-manager
openforis,android-ports
kevoree,kevoree
ambition119,flinksql
mianshenglee,my-example
jpmorganchase,tessera
shiehn,treblemaker
linkki-framework,linkki
capitalone,easy-screenshots
apache,maven-plugins
sonarsource,sonarjs
confluentinc,schema-registry
orangesignal,orangesignal-android-camera
kayerikmuench,reqiftools
trello,rxlifecycle
mluukkai,ohjelmistotuotanto2018
fappel,testing-with-junit
lightblue-platform,lightblue-client
mauron85,react-native-background-geolocation
sirensolutions,siren
mock4aj,mock4aj
opentracing-contrib,java-span-reporter
worldpay,java-fpe
netflix,mantis
datacleaner,datacleaner
nilhcem,mobilization-2016
cogcomp,open-eval
awslabs,amazon-neptune-tools
sickmartian,quickreminderwidget
xap,xap
xwiki-contrib,ldap
sockeqwe,adaptercommands
hantsy,ee8-sandbox
treeptik,cloudunit
osgp,protocol-adapter-dlms
ancoron,pg-inet-maven
stephencote,accountmanager
adambien,porcupine
nielsutrecht,controller-advice-exception-handler
chinphing,calculator
openconext-attic,openconext-api
xamoom,morpheus
naturalis,naturalis_data_api
alblue,com.packtpub.e4
hyperledger,quilt
ag-gipp,mathosphere
americanexpress,nodes
stanfy,enroscar-async
neuroph,neurophframework
slem1,saml-angular
tinkerpop,tinkubator
zdirection,ant-media-server
dcache,oncrpc4j
raydac,zxpoly
mahoney,sysout-over-slf4j
gregwhitaker,catnap
dataartisans,da-streamingledger
fharms,java-examples
baoti,pioneer
egovframe,egovframe.rte.3.5
presage,presage2
confluentinc,kafka-rest
zanata,zanata-platform
cloudera,sentry
airsaid,chordview
pokechu22,worlddownloader
xuminwlt,j360-trace
dkpro,dkpro-wsd
d4rken,reddit-android-appstore
dana-i2cat,opennaas
minesjtk,jtk
jianliaoim,talk-android
yandex-disk,yandex-disk-restapi-java
arturvasilov,androidarchitecture
cestella,streaming_outliers
youviewtv,tinydnssd
eclipse-iofog,agent
greysoft,naf
devskiller,jpa2ddl
remychantenay,firebucket
khmarbaise,maui
subins2000,manglish
xwxiaowei,spring-learn
utluiz,spring-examples
eb4j,eb4j
micbrain,kjumpingcube
juanosuna,expressui-framework
botimer,sakai-cle
interledger4j,ilpv4-connector
ylw-github,taodong-shop
spring-projects,spring-data-book
tomsun28,sureness
f2prateek,rx-receivers
hammingweight,gradle-java-ear
apache,incubator-shardingsphere
sematext,actiongenerator
senacor,rxjava-katas
grandcentrix,thirtyinch
javafunk,funk
facebookarchive,swift
jadavchirag,react-native-gpay
spring-projects,spring-integration-extensions
deepsky,sql-code-assistant-
secuso,privacy-friendly-sudoku
jdoing,example
brucechan0921,rocketmq-3.0.8
openhab,openhab1-addons
piasy,yamvp
vizuri,mongo-odm
openhmis,openmrs-module-openhmis.inventory
openmessaging,openmessaging-java
howtoprogram,java-examples
oktadeveloper,okta-spring-boot-angular-auth-code-flow-example
segment-boneyard,backo-java
javaserverfaces,mojarra
google,ground-android
seven332,stage
tzolov,tensorflow-spring-cloud-stream-app-starters
lightblueseas,wicket-js-addons
whummer,java-utils
mr-tan4,openca
h819,spring-boot
stanfy,enroscar
openrock,openig
gingerredjade,flink-userportrait-main
xebia-france,xebicon
skyringh300,loli.io
sandin,fanfou4j
trygvis,javax-usb-libusb1
sunnykaka,mysteam
flowupio,flowupandroidsdk
jcertiflab,jcertif-offline-box
blackbluegl,calendar-component
packtpublishing,full-stack-development-with-jhipster
electroid,pgm
opendaylight,groupbasedpolicy
rsksmart,rskj
gordentam,bloomfilter
intuit,tank
sonarsource,sonar-auth-saml
awk-kazmin,sonar-1c
mike10004,xvfb-manager-java
jkiddo,gmusic.api
edx,edx-app-android
daimler,sechub
gwtbootstrap3,gwtbootstrap3
chrisgleissner,spring-batch-rest
scottyab,rootbeer
b0n541,jskat-multimodule
christian-schlichtherle,truevfs
chronixdb,chronix.timeseries
teofanaenachioiu,university-courses
dbmdz,iiif-presentation-api
ftrossbach,kiqr
eclipse-ee4j,grizzly
hortonworks,ratis
spotify,flytekit-java
mendhak,gpslogger
cutting,trevni
stmicroelectronics,bluestsdk_android
hive2hive,hive2hive
nongdenchet,android-mvvm-with-tests
dins-heisenbug-2016,piggymetrics
tristan971,easyfxml
wiselenium,wiselenium
pkainulainen,gradle-examples
kennycason,kumo
project-sunbird,sunbird-lms-service
kontext-e,jqassistant-plugins
kaimz,learning-code
dotkom,onlineguru
coveros,zap-sonar-plugin
cyclestreets,android
guilai1990,rocketmq-source-code-analysis
sonarqubecommunity,sonar-fortify
appfuse,appfuse-light
geopublishing,atlasframework
datagr4m,org.datagr4m
bijukunjummen,boot2-load-demo
luxoft,fabric-utils
arcbees,teamcity-plugins
rolandkrueger,user-microservice
airsonic,airsonic
delving,delving
dzh,jframe
us-cbp,gtas
camelot-framework,camelot
google,gwtmockito
fabiocollini,daggermock
kousen,spring-framework-essentials
europeana,oai-pmh2
dynamid,jooflux
c4j-team,c4j
getodk,skunkworks-crow
suniper,plum-mesh-agent
camunda,camunda-bpm-platform-osgi
hifileo,mvpexample
haiger,dqueue
liflab,beepbeep-3
pumadong,cl-roadshow
samdjstevens,java-totp
googlesamples,androidtv-sample-inputs
netflix,fenzo
orchsym,runtime
davidchen2014,dubbox-paas
xafero,travelingsales
gzfgeh,rxapp
reb1995,runelite-with-deob
domogik,domodroid
richardwarburton,lambda-behave
geomajas,geomajas-project-client-gwt2
nhn,toast-haste.framework
geckogecko,storj_hoststats_app
gretard,sonar-sql-plugin
networknt,light-eventuate-4j
kh498,bukkitutil
qos-ch,mistletoe
feroult,yawp
devops-dojo,the-app
tmobile,codeless
voxelindustry,brokkgui
uberpay,uberpay-wallet
daggerok,spring-5-examples
jhorstmann,i18n
sgroschupf,katta
jorrellz,jetfirecloud
linkedin,url-detector
omerbsezer,cnn-ta
flipkart-incubator,spark-transformers
velocitypowered,velocity
mercadolibre,fury_mobile-android-ui
nlcr,komplexni-validator
copiousfreetime,mp4parser
smillidge,cargotracker-j12015
hzxie,voj
ucd2016comp20010,datastructures
javachen,mt-flume
fciubotaru,z-pec
openmf,mifos-chatbot
tzolov,calcite-sql-rewriter
tannerperrien,picasso-transformations
android10,inside_android_testing
alcidauk,cinelog
srctips,maven-course-content
marcosbarbero,spring-cloud-zuul-ratelimit
ktunaxa,rms
qos-ch,logback-extensions
obiba,onyx
fluxtream,fluxtream-app
kaif-open,kaif-android
statefulj,statefulj
powsybl,powsybl-single-line-diagram
3cky,bkemu-android
uber,rave
spring-projects,spring-data-graph
xiaomi,galaxy-sdk-java
itm,wsn-device-drivers
pi4j,pi4j
neoremind,2018-polar-race
bonitasoft,bonita-web
jamling,quickaf
mozilla-metrics,grouperfish
ewerk,sample_spring-boot-camel-mongo-jdk8
liquigraph,liquigraph
loldevs,lol-spec
tangaiyun,netty-resteasy-spring
i8c,sonar-flow-plugin
coevalencia,codingdojo
prisonteam,prison
kevinherron,opc-ua-stack
xenione,swipe-maker
netflix,nicobar
glotaran,glotaran-legacy
eishub,eis
facebookarchive,device-year-class
55minutes,fiftyfive-wicket
wso2,product-as
elvishew,xlog
mewx,light-novel-library_wenku8_android
resteasy,resteasy
ahmetaa,zemberek-nlp
sotera,distributed-graph-analytics
codenvy-legacy,cli
pedrovgs,androidgameboyemulator
sonarqubecommunity,sonar-generic-coverage
alecalanis,session-to-cookie
square,otto
intappx,vertx-guice
kyson,methodcanary
apress,beg-hibernate-4ed
sanjiva,ballerina
neuland,firefly
stapler,stapler
ello,ello-android
malaysiaprayertimes,android
milinda,samza-sql
yongjhih,rxfirebase
apache,ant
mucaho,jnetrobust
itstamen,rop
360jinrong,chronus
genome-nexus,genome-nexus
sebastiangraf,treetank
drugis,drugis-common
traneio,future
phax,peppol-commons
anyflow,lannister
presidentio,teamcity-matrix-build-plugin
stephenh,joist
usharik,seznamslovnik
shred,flattr4j
awslabs,analyzing-text-with-amazon-elasticsearch-service-and-amazon-comprehend
zendesk,android-db-commons
literalplus,commandblockerultimate
dma-enav,e-navigation
androidsdksources,android-sdk-sources-for-api-level-23
dtdojo,dtdojo
openehr,gdl-tools
sonarsource,sonar-analyzer-commons
hotelsdotcom,circus-train
perfectsense,brightspot-cms
hank,litecoinj
fossasia,open-event-organizer-android
givoli,technionnli
h3xstream,http-script-generator
javaee,jaxb-v2
spring-projects,spring-mobile-urbanairship
ctripcorp,caravan
psiegman,epublib
worgent,weixin-membercard
nutb,feiyoung
senbox-org,s2tbx
eclipse,rdf4j
mahakaggarwal,android-developer-fundamentals-version-2
ricksbrown,cowsay
nortal,j-road
citiususc,composit
mediathekview,zapp
robertoestivill,intentbuilder
gengstrand,clojure-news-feed
aolarchive,chronos
e-ucm,eadventure
connexta,admin-console
thulab,iotdb-kairosdb
opendaylight,mdsal
premium-minds,billy
lukas-krecan,shedlock
omerozkan,vipera
wjggwm,webside
linkedin,mtbt
beijunyi,parallelgit
threadly,auroraarc
yiyongfei,jea
plenprojectcompany,plen-plenconnect_android
sercxtyf,onboard
chaokunyang,jkes
dorsetproject,dorset-framework
palo-m,androboinc
katasource,maera
perunlabs,jsolid
gnosygnu,xowa_android
ucargroup,datalink
tinkoffcreditsystems,decoro
amzn,fire-app-builder
comsysto,jumbodb
worldpay,hybris
pocmo,android-network-intents
miso-lims,miso-lims
sgc109,lifekau
protonail,leveldb-jna
seqware,seqware
qcri-social,aidr
guuuuo,dubai
bastienpaulfr,treessence
faucet-pipeline,faucet-pipeline-spring-boot-starter
httpcache4j,httpcache4j
boonproject,boon
ylogx,ccdroid
yahoojapan,multiple-dimension-spread
robo-code,robocode
openhft,chronicle-accelerate
sklintyg,webcert
javaee,grizzly
opensmpp,opensmpp
headwirecom,aem-solr-search
imr,electric-vlsi
spigotmc,bungeecord
zendesk,android-autoprovider
mbramwell1,geofire-android
zzt93,syncer
mwsobol,sorcer
opensilk,syncthingandroid
sebhoss,storage-units
tangyanbo,springmore
ljvblfz,proficient-in-spring-4.x
jeffhollan,functions-test-samples
zhangjianhao,remotecontroler
nikoloutsos,aueb-projects
wjw0315,springboot-compilations
apache,hama
simonpercic,waterfallcache
aashrai,get-to-work
leonardoxh,keystore-ultimate
vaadin,framework
opentrader,opentrader.github.com
patrickfav,armadillo
tuacy,java-study
cucumber-attic,cuke4duke
ddoa,dea-code-examples
tianheframe,sharding-jdbc-1.5.1
kaiwinter,android-remote-notifications
zanata,zanata-mt
eclipse,californium
calypsonet,keyple-java
apache,servicemix4-specs
pyricau,funkyjfunctional
centauricloud,centauricloud
fdelmazo,7507-algo3
liferay,com-liferay-commerce
cmri,bc-hadoop2.0
robot-head,pixelpusher-java
eppic-team,eppic
davidbecker,taloonerrl
jberkel,whassup
bestsolution-at,maven-osgi-plugin
openapi4j,openapi4j
d-rep,url-shortener
renekrie,querqy
boecker-lab,sirius-libs
voipgrid,vialer-android
zidoshare,coffee-spring-boot-builder
molgenis,molgenis
kalecser,jpatchaca
openwebnet,rx-openwebnet
networknt,light-oauth2
artificialrevelations,fp-workshop-jvm
eclipse,hono
swaechter,fhnw
snobotsim,snobotsim
mapbox,mapbox-plugins-android
ops4j,org.ops4j.pax.runner
drbookings,drbookings
exoplatform,xcmis
btrplace,scheduler
oktadeveloper,jhipster-microservices-example
vitaly-chibrikov,otus_java_2017_11
ibm,reactive-components
stylingandroid,architecturecomponents
pardus-engerek,engerek
nurkiewicz,reactor-workshop
henri-tremblay,deadlocklabjavaone2012
cloudera,navigator-sdk
xuyisu,fw-spring-cloud
netflix,iceberg
spring-projects,spring-xd-samples
cretz,pgnio
spring-projects,spring-security-saml
ujmp,universal-java-matrix-package
schweizerischebundesbahnen,conference-buddy
irods-contrib,idrop
twitter-archive,bookkeeper
faltenreich,diaguard
jaroslav-kuchar,rcba
piraso,piraso
emmaguy,wear-notify-for-reddit
maks,mgit
jasonandy,spring-core
jrtom,jung
teamspoon,cyc_jrtl_with_commonlisp
skhalifa,qdrill
chandraonline,simple-spring-memcached
jaapcoomans,spring-boot-modules
googlecloudplatform,cloud-trace-java
yuantiku,new-bull
camunda,camunda-bpm-workbench
identiv,ts-cards
wangjiangtao2,netty-4.1.31.final
isel-leic-mpd,jingle
qaware,gradle-cloud-deployer
lsfusion,platform
noseka1,vertx-aws-lambda
eclipse,deeplearning4j
tdd-elevator-training,tetris
scottmansfield,widow
arcbees,gwtp
hpadmanabhan,rdrand-util
zhangkaitao,es
flychao88,dubbocloud
lveci,nest
shalousun,applicationpower
greenrobot,essentials
soi-toolkit,soi-toolkit-mule
pentaho,mql-editor
lkorth,device-automator
nuls-io,nuls
jan-molak,jenkins-build-monitor-plugin
universum-studios,android_widget_adapters
powsybl,powsybl-gse
stardogventures,starwizard
dice-group,ld2nl
jberet,jsr352
blazemeter,jmeter-bzm-plugins
opensciencemap,vectortilemap
ceskaexpedice,kramerius
deptofdefense,androidtacticalassaultkit-civ
openhft,chronicle-decentred
searchisko,mbox_tools
jensgerdes,sonar-pmd
gvsigassociation,gvnix
astefanutti,metrics-aspectj
sannies,mp4parser
bhits,pcm-api
tianheframe,netty-4.1.22
oneops,oneops
redhat-developer,rh-che
jdillon,gshell
apache,etch
adriancretu,beacons-android
openbw,bwapi4j
ypresto,timbertreeutils
sane-city,wot-servient
brunobat,java-framework-compare
kekru,iliasdownloader2
dkpro,dkpro-keyphrases
skyscreamer,yoga
rieckpil,blog-tutorials
githubraju,https-github.com-eugenp-tutorials
zutherb,appstash
kuzavas,ephesoft
gstraube,cythara
coderoom-cn,code-generator-gui
burris,dwr
cloud-software-foundation,c5
dica-developer,weplantaforest
ulordchain,ulord-sidechain
bounswe,bounswe2017group10
sockeqwe,mosby
exoplatform,ecms
apache,incubator-retired-htrace
chrismattmann,solrcene
simlu,voxelshop
rholder,fauxflake
gajen0981,fhir-server
willhaben,blog
rmannibucau,diagram-generator-parent
apache,incubator-pinot
jmkgreen,morphia
uber,rides-android-sdk
fridujo,spring-automocker
hansenji,pocketknife
haydikodlayalim,spring-examples
rackerlabs,atlas-lb
restcomm,jss7
holidaycheck,recyclerviewinjectoradapter
dremio,dremio-oss
baifendian,swordfish
ryuzakikk,notecrypt
dianping,dolphin
alexcustos,linkasanote
ippontech,tatami
akhahaha,firebomb-java
code4everything,wanna-spring
apress,beginning-spring-5
pdyraga,spring-batch-samples
klamann,maps4cim
cumulusrdf,cumulusrdf
racodond,sonar-gherkin-plugin
smarterapp,technologyreadinesstool
isa-tools,bioinvindex
sockeqwe,sqlbrite-dao
cf-platform-eng,kafka-service-broker
raspinloop,raspinloop
be-kits,spring-examples
cryxli,sr201
crowdcode-de,spring-cloud-performance-tuning
vsfexperts,latex
nanofaroque,life-coding
qi4j,qi4j-core
cloudera,kitten
dice-group,nliwod
genjosanzo,mule-devkit
remibantos,jeeshop
0xzhangke,glide-note
eclipse,aether-core
brianfrankcooper,ycsb
liuxinyea,iweex
baremaps,baremaps
b2stry,sell
jameszbl,java_design_patterns
chenhaoxiang,spring-boot-shiro
jwilsoncredera,profiles-blog
alzahm,videoplayer
openzipkin-attic,zipkin-azure
llofberg,kafka-connect-rest
thialfihar,apg
proninyaroslav,libretorrent
superblaubeere27,obfuscator
opennaru-dev,khan-session
jsaund,rxuploader
boozallen,cognition
lingochamp,filedownloader
gelin,weather-notification
bedatadriven,renjin-examples
controlsystemstudio,cs-studio
eiichiro,prodigy
apache,directmemory
aioaneid,uzaygezen
apptik,justjson
pedrojoya,studio
recommenders,rival
hibernate,hibernate-search
liuhouer,wxqyh
sagap,sonar-solidity
enginehub,worldedit
ehcache,ehcache3-samples
spoonlabs,spoon-examples
atteo,moonshine
valterkasper,movie-recommendation
sixpack,sixpack-java
zionsoft,obadiah
epam,gepard
digitaltwin,steam-turbine-tutorial
enginehub,worldguard
nayuki,json-library-java
mind-tools,mind-compiler
apache,sentry
isel-leic-mpd,mpd-2018-i41d
kw217,sax2j
hibernate,hibernate-ogm
dvoiss,sensorannotations
awslabs,djl
openntf,javascriptaggregator
matemagyari,reference-ddd-blackjack
redpen-cc,redpen
manuel-mauky,fluxfx
ronenhamias,raft-leader-election
cloudifysource,cloudify
pratamawijaya,blogreader
hotware,hibernate-search-genericjpa
jenkinsci,java-client-api
apache,oozie
geomatys,constellation
codenjoyme,codenjoy
takari,takari-lifecycle
dodie,scott
dschulten,hydra-java
uchan-nos,c-helper
waynedgrant,android-appwidget-cirrus
andnexus,android-testing
datacleaner,analyzerbeans
knowagelabs,knowage-server
kevinsawicki,http-request
mercadopago,px-android
gyrodraw,gyrodraw
opentracing,opentracing-java
oasisfeng,deagle
maritimeconnectivityplatform,maritimecloud
lumenrobot,relex-id
masatoshitada,spring5-boot2-handson
hawka11,pure-fsm
avicomp,ont-d2rq
palominolabs,metrics-new-relic
bpt-nh,complexeventprocessingplatform
splicemachine,spliceengine
multibit-legacy,brit-service
adambien,perceptor
ti8m,react-native-ibeacon-android
jardo-51,user_module
graylog-labs,graylog-plugin-metrics-reporter
nationalsecurityagency,timely
owntracks,android
florina-muntenescu,reactiveburgers
peter-lawrey,java-chronicle
ata-cloud,bazooka
zvrablik,tomcatinfinispansessionmanager
svn2github,ehcache
javaee-security-spec,security-proposals
google,walt
qos-ch,logback
dma-ais,aisabnormal
asqatasun,asqatasun
jdmp,java-data-mining-package
snuspl,dolphin
haiwen,seadroid
csc480-18s,red-team
almende,dialog
arturvasilov,sqlite
xtructure,xnet-public
life360,android-falx
activiti,activiti-cloud-modeling-service
difi,oxalis
fcrepo3,fcrepo
ribot,pig
ebayopensource,turmeric-releng
pentaho,kettle-storm
xiiiblue,zen-scaffold
banmanagement,banmanager
spring-projects,spring-framework-issues
sematext,opentracing-materials
atilika,kuromoji
qubiclite,qlite.lib.java
renepickhardt,metalcon
ingenico-epayments,connect-sdk-client-android
tensorflow,java
racodond,sonar-css-plugin
extjfx,extjfx
apache,incubator-atlas
opendaylight,coretutorials
hitherejoe,androidtvboilerplate
dschadow,applicationintrusiondetection
ashald,envfile
sap-archive,xliff-1-2
nemproject,nemandroidapp
quantnetwork,overledger-sdk-java
philipwhiuk,q-mail
ffpojo,ffpojo
asarkar,spring
jiangrongbo,mybatis-book
tumblr,graywater
quercus,quercus-ldap
sfuhrm,sudoku
qaprosoft,carina
s4,s4
shevek,jarjar
sbliven,biojava
opensagres,xdocreport
eclipse,keti
1160300314,software_construction
peshkira,c3po
caowenliang,sonar-pmd-p3c
jshiftio,buildah-java
osiris-indoor,osiris
kant2002,ghidra
alt236,easycursor---android
otaviojava,acelera-dev-sp-2019
netflix,archaius
arnobroekhof,openid-server
lumifyio,lumify
gazlaws-dev,codeboard
apache,incubator-iceberg
mediashelf,fedora-client
emptywalker,purchasingplatform
nschlimm,playground
apache,attic-ode
pwittchen,neurosky-android-sdk
bcdev,smos-box
webauthn4j,keycloak-webauthn-authenticator
jacorb,jacorb
ltsopensource,light-task-scheduler
modernmt,modernmt
grantcermak,spring-security-kerberos-with-activedirectory
zqhxuyuan,flume-kafka-storm
cylankj,iotkit-app-android
neomatrix369,restapiunifier
baderlab,enrichmentmapapp
flaxsearch,luwak
gwenshap,kafka-examples
cuiods,wifiprobe
hoangkien0705,android-utilcode
packtpublishing,architecting-modern-java-ee-applications
nextgenhealthcare,connect
kamikat,moshi-jsonapi
opencredo,concursus
bazelbuild,migration-tooling
pivotal-legacy,spring-social-strava
manoelcampos,cloudsim-plus
renyuneyun,easer
microsoft,cdm
ealva-com,ealvatag
dinocore1,miniweb
xkcoding,spring-boot-demo
twitter,ambrose
zsmartsystems,com.zsmartsystems.zigbee
hcychao,springbootandorder
jeremiemartinez,installed_apps
theprogrammingchronicles,tpc-tdd-exercises
batchiq,nifi-file-identity-provider-bundle
mikusjelly,android-toolkit
blankj,androidutilcode
intuit,universal-graph-client
eclipse,hudson.core
jacarrichan,rapid-framework
shiyi524136,sentinel-zookeeper-internal
netflix,fabricator
pmikova,java-runtime-decompiler
jencisopy,javabeanstack
gebit,snmp4j
henrytao-me,mvvm-life-cycle
m-reza-rahman,testing-javaee
typ0520,bizsocket
aemclub,adobe-aem-club
lmyyyyyy,chameleon
tomp2p,tomp2p
disid,springlets
ubc-library,geodisy
bytom,bytom-java-sdk
mariobodemann,osc
manuel-woelker,jimix
pchmn,androidverify
altamiracorp,blur
galexandre,sonar-cobertura
jetbrains,adt-tools-base
flipkart-incubator,proteus
camel-extra,camel-extra-firstimport
workday,postman
ihaolin,antares
sonarsource,sonar-scanner-ant
tesseract4java,tesseract4java
riverside-software,sonar-openedge
sf105,refactoring-golf
kaaproject,avro-ui
mrmike,autovaluesample
ngageoint,elasticgeo
luontola,sgs-server
ddwhan0123,reactnativedemo
hltfbk,excitement-open-platform
lordcodes,snackbarbuilder
mrdon,amps
debmalya,allgo
frankfancode,androidim
thefreebit,bullfrog
apache,jclouds
scads,ostmap
hanhanzhang,spark-java
matiwinnetou,spring-soy-view
chatopera,cosin
boredream,designrescollection
yunaiv,springboot-labs
hashmapinc,hashmapanalyticsframework
dinject,dinject
palominolabs,benchpress
eclipse,hawkbit
arcuri82,algorithms
globalbioticinteractions,globalbioticinteractions
axonframework,axonframework
lambdasoup,watchlater
nativelibs4java,jnaerator
disid,fiebdc3-parser
mdeverdelhan,ta4j-origins
antlersoft,patchyamp
tudorv91,sparkjni
cesarvaliente,permissionssample
bencvt,libshapedraw
openjdk,skara
kbss-cvut,jopa-examples
ottogroup,spqr
carrotsearch,langid-java
nakamuuu,retainer
timurstrekalov,saga
nancheung97,git-proxy
candlepin,candlepin
zan-net,lab-exercise
sisirkoppaka,mahout-rbm
pexplugins,permissionsex
habuma,spring-skills
manuel-freire,ac2
stephanenicolas,morpheus
davideas,flexibleadapter
activiti,activiti-cloud-runtime-bundle-service
tigers-mannheim,autoreferee
linkedin,sensei
philliphsu,numberpadtimepicker
jzachr,goldenorb
payara,payara
apache,samza
akubach,phyloviewer
nikolavp,commander-shell
movsim,movsim
osgp,protocol-adapter-iec61850
jaydeepw,android-utils
guoguang,ibole_service
tomcashman,metrics-elasticsearch
thaliproject,thali_cordovaplugin_btlibrary
konifar,droidkaigi2016
oussaki,rxdownloader
lottoritter,lottoritter-platform
xshengcn,diycode
jnode,classlib6
anno4j,anno4j
cloudera,search
karumi,dividers
orhanobut,tracklytics
dengzii,v2ex
comp30022-18,navibee
alibaba,alibaba-flink-connectors
logicahealth,komet
emmanuelbernard,hibernate-core-ogm
sosoapi,framework
namlit,siteswap_generator
pdsoftplan,zap-maven-plugin
payworks,tcp-mocker
mru00,cutlet
raydac,j-j-jvm
phoenicisorg,phoenicis
sismics,reader
edgar615,api-gateway
cybersource,cybersource-sdk-java
metafacture,metafacture-core
holgerbrandl,opencards
apache,rya
ocelotds,ocelot
sethcreate,fruit
jbossdemocentral,brms-coolstore-demo
simpleton,yasp
lightblue-platform,lightblue-rest
lets-mica,mica
extjwnl,extjwnl
julianmendez,jcel
motech,motech
eclipse-ee4j,jersey
icyphy,ptii
dma-ais,aisstore
planetlabs,stratus
ampm,douban-fm-sdk
argparse4j,argparse4j
peipeihh,simple-oauth2
swkberlin,ports-and-adapters
blobcity,db
masgari,microservices-sample
peterpilgrim,javaee7-developer-handbook
aionnetwork,aion
jayway,jax-rs-hateoas
mojang,blixtser
i-tech,openmrs-module-kenyaemr
rabidgremlin,mutters
liferay,liferay-blade-cli
fluxoid-org,jformica
jenkinsci,tfs-plugin
matthewdavidbradshaw,shamir
mdeinum,pro-spring-mvc-code
orbit-legacy,orbit1
tfredrich,rest-fixture
evernote,fetch
andrzejchm,restmock
w2ji,vitaminsaber
zutherb,build-light
spacecowboy,nononsense-filepicker
rub-nds,ws-attacker
square,flow
aws-cloudformation,aws-cloudformation-resource-providers-ses
evanhalley,premofm
openmrs,openmrs-module-webservices.rest
brownsys,tracing-framework
oprisnik,semdroid
sonatype,nexus-public
ymcoding,kafka-0.11.0.0-src-with-comment
eclipse,kapua
codeabovelab,haven-platform
weiye-jing,datax-web
raptorbox,raptor
eclipse,milo
vpinna80,vtl
lukedd3,todo-list-webapp-angular2-spring-mvc-boot-data-rest
zhenglu1989,web-sso
matsjj,thundernetwork
directproject,nhin-d
beloos,chipslayoutmanager
openthinclient,openthinclient-manager
hifileo,mvvmreactive
rterp,gmapsfx
bramp,unsafe
opendaylight,nic
spring-projects,spring-insight-plugins
hawkular,hawkular-apm
sonarsource,sonar-html
blockchain,thunder
kaz-anova,stacknet
yegor256,eo
piwigo,piwigo-android
eclipse,openj9
spacecowboy,orgparser
samidalouche,gisgraphy-java-client
dbcg,cql_engine
aerogear,aerogear-unifiedpush-server
cocolian,cocolian-id
greenlaw110,greenscript
nileshjarad,tdd_demo
aurasphere,blue-pair
synhershko,hebmorph
cloudera,mahout
smartcar,android-sdk
opentracing-contrib,java-mongo-driver
barancev,java_pft
chiuki,friendspell
sventonsvn,sventon
ppati000,visualdfa
eveliotc,carbonite
apsaltis,oryx
kinecosystem,kin-core-android
spotify,heroic
ibm,cc-dbp
marcosemiao,log4jdbc
eclab,mason
spotify,flo
frangsierra,rxfirebase
gkamal,infrared
facebookarchive,hive-dwrf
ctron,kapua-gateway-client
touchface,md2x
mjiderhamn,classloader-leak-prevention
inkapplications,android-preferences
ixy-languages,ixy.java
cruciblemc,crucible
stratio,deep-spark
expediagroup,rhapsody
real-logic,agrona
cloudfoundry-community,java-nats
liuzhengyang,simple-rpc
darrinholst,sass-java
nethad,clustermeister
warlock-china,azeroth
tianheframe,rocketmq-4.3.0
demoiselle,validation
thejacksonlaboratory,hpoworkbench
mbok,logsniffer
sonatype,nexus-maven-plugins
guidovezzoni,repofactory
devgateway,ocvn
uispec4j,uispec4j
microsoft,oauth2-useragent
smooks,smooks
openmrs,openmrs-module-appframework
tmoreira2020,portal-properties-prettier-app
sockeqwe,mosby-conductor
silverforge,elasticrawclient
epic-breakfast-productions,owat
celestial-winter,vics
resthub,resthub-spring-stack
pbailis,bolton-sigmod2013-code
semwebcentral,parliament
jclouds,legacy-jclouds
sematext,query-segmenter
joyent,java-manta
ewolff,microservice-istio
zapodot,embedded-db-junit
consdata,sonarqube-companion
kklisura,chrome-devtools-java-client
pentaho,big-data-plugin
smarkovik,make-or-break
vietopencps,opencps-v2
entando,entando-core
openmrs,openmrs-module-appointmentscheduling
hotelsdotcom,corc
vmware-archive,photon-controller
apache,stanbol
netflix,aegisthus
felixnorden,moppepojkar
datastax,cassandra-reactive-demo
googlecodelabs,android-storage-permissions
