Stars,Forks,Open Issues,Commits,Last Commit Date,Repository Owner,Repository
621,350,81,30,2022-04-04,spring-projects,spring-social
63,6,0,30,2017-10-23,huazhouwang,synapse
13,11,9,30,2023-10-18,eclipse-ee4j,jaxb-istack-commons
12,6,1,3,2018-09-05,yywishp,mybitcoinwallet
64,29,4,21,2018-08-25,xetys,jhipster-uaa-setup
10,10,9,12,2022-05-20,prpatel,serverless-java-mini-workshop
8,26,13,30,2019-03-06,marklogic-community,marklogic-spring-batch
13,2,12,30,2017-10-27,phxql,restwars
142,36,0,30,2021-10-06,indeedeng,imhotep
9,2,15,30,2020-04-17,jo-source,jo-widgets
287,27,6,30,2017-11-14,orhanobut,bee
24,14,15,30,2023-01-17,nordeaoss,copybook4java
59,23,9,30,2023-03-27,savoirtech,slf4j-json-logger
8993,1655,408,30,2024-07-30,json-path,jsonpath
1225,814,102,30,2024-08-07,swati4star,images-to-pdf
18,11,0,2,2014-03-21,xpinjection,tdd-sample
105,17,7,30,2022-05-20,protocol7,quincy
7,2,0,30,2015-12-29,devinciltd,lib
18,10,1,30,2019-04-06,alexeygrigorev,mastering-java-data-science
1570,565,7,30,2022-07-01,rhwayfun,spring-boot-learning-examples
25,13,0,30,2018-11-09,51degrees,java-device-detection
4,8,2,30,2019-08-08,migueltoro,adda2018
1318,135,29,30,2023-03-21,aol,cyclops
14,5,2,30,2020-07-20,ganchix,morphia-spring-boot-starter
4,9,16,30,2018-02-14,tomitribe,sheldon
79,51,6,10,2022-01-13,googlecodelabs,android-network-security-config
7,3,1,30,2012-03-30,yannis666,coherence-jsr-107
22,2,2,30,2011-07-11,gbm-bailleul,padaf
18,10,67,30,2024-12-09,overture-stack,score
189,33,2,30,2018-07-25,zyl409214686,mp3cutter
44,4,67,30,2025-01-10,phon-ca,phon
9,6,1,30,2020-10-13,born2snipe,flapjack
47,13,10,30,2024-12-19,open-eid,siva
13,17,41,30,2022-07-01,cogcomp,lbjava
12,6,1,6,2015-09-30,cyriux,hexagonal-sentimental
12,10,1,30,2013-09-19,photon-labs,phresco
683,29,22,30,2017-04-19,viskell,viskell
2246,932,33,30,2022-11-16,bz51,springboot-dubbo-docker-jenkins
473,723,49,30,2025-01-13,pentaho,pentaho-platform
26,10,11,30,2025-01-13,europeana,europeana-cloud
37,12,32,30,2019-09-12,project-artist,artistgui
33,9,12,30,2022-07-07,performant-software,juxta-service
5,20,0,30,2024-01-09,restcomm,jasn
91,4,0,30,2016-03-22,eleventigers,rxeither
27,24,7,10,2023-07-16,packtpublishing,mastering-software-testing-with-junit-5
22,26,1,2,2019-03-03,apress,beg-java-ee-7
6,8,0,30,2019-12-20,e-ucm,ead
309,194,25,30,2022-12-16,qalingo,qalingo-engine
8,4,0,30,2016-11-07,endreferencz,hwsw-advanced
15,19,0,30,2014-07-21,jerrtop,java_demo_set
24,5,0,30,2019-01-18,tunjos,android-mvp
15,6,8,30,2020-10-12,jameskennard,mockito-collections
30336,12350,15,30,2023-11-18,ityouknow,spring-boot-examples
83,127,8,30,2023-01-30,ajitsing,expensemanager
379,81,29,30,2021-09-06,mauin,rxfingerprint
7,2,0,1,2010-11-11,mdr,inquisition
16,7,0,30,2017-07-21,djkovrik,comicser
73,19,13,30,2021-09-01,airbnb,plog
16,3,2,30,2018-03-03,d4rken,ommvplib
15,11,1,30,2024-08-05,gchq,event-logging
2229,751,126,30,2025-01-07,apache,incubator-gobblin
8,5,0,30,2019-02-22,shiyuan2he,springboot
617,193,115,30,2023-10-11,larsga,duke
83,58,72,30,2025-01-13,eclipse,che-che4z-lsp-for-cobol
214,128,63,30,2024-12-14,windup,windup
18,18,7,30,2022-10-05,javacafe-study,elasticbooks
5,1,1,3,2017-09-28,xfzyrsidney,pentaho-pdi-phoenix
76,26,8,14,2020-10-13,dengziming,janusgraph-util
21,9,72,30,2024-11-24,dialogos-project,dialogos
18,4,1,30,2018-04-11,jerry-sc,webhunger
36,23,51,30,2025-01-13,gravitee-io,graviteeio-access-management
18,10,11,30,2019-04-02,citrusframework,citrus-admin
11,7,2,30,2021-04-28,sonarsource,sonar-scm-svn
29,5,2,30,2013-01-10,encomendaz,services
131,46,2,30,2021-09-20,bio2rdf,bio2rdf-scripts
18,3,1,30,2016-07-12,owlr-com,sharedcontentproviders
415,56,2,30,2016-05-24,lukefalsina,grab-n-run
56,19,0,30,2025-01-06,tirasa,connid
6,4,2,30,2017-06-28,catalystcode,pdxcharts
39,27,35,30,2025-01-13,cbioportal,oncotree
13,10,1,30,2018-09-26,binkley,binkley
1841,605,131,30,2024-08-01,felhr85,usbserial
634,231,16,30,2020-02-23,apache,attic-aurora
15,68,16,30,2024-09-19,processtech,runawfe-free-server
38,9,1,30,2017-09-27,turhanoz,reactivedirectorychooser
41,24,95,30,2015-01-08,geoscienceaustralia,ga-worldwind-suite
20,2,3,30,2021-08-02,mediatoolkit,pareco
15,8,23,30,2025-01-13,backpaper0,sandbox
17,5,0,7,2020-06-14,evant,pokemvvm
29,28,2,30,2020-07-09,thomasletsch,moserp
24,15,11,30,2024-05-01,fortify-ps,fortifybugtrackerutility
16,31,8,30,2017-06-22,benmccann,xero-java-client
411,213,0,30,2020-11-04,jhipster,jhipster
588,197,83,30,2023-09-26,github,maven-plugins
938,212,48,30,2023-03-21,aol,micro-server
301,106,1,30,2017-07-10,yahooarchive,omid
36,22,9,30,2022-07-15,palominolabs,sf-api-connector
46,7,4,30,2019-03-12,coupang,spring-data-requery
16,8,11,30,2022-11-16,bcqtt,article-spider
14,12,0,2,2016-02-09,jskierbi,intellij-ce-playground
7,7,4,22,2015-07-19,ninjaframework,ninja-rythm
43,3,5,30,2024-12-23,subes,invesdwin-context-persistence
991,424,21,30,2024-06-07,apache,usergrid
117,120,70,30,2021-06-08,exoplatform,platform
47,9,1,30,2021-08-14,indeedeng,rabbitmq-operator
18,21,0,30,2021-02-14,emilybache,online-shopping-kata
152,91,63,30,2025-01-08,netcentric,accesscontroltool
7,6,1,30,2018-05-01,tranleduy2000,ascii_generate
59,8,0,30,2019-03-22,ragdroid,rxify
22,6,1,30,2024-02-27,esa,nmf-mission-ops-sat
828,179,63,30,2023-06-26,netflix,governator
26,15,10,30,2023-08-07,apache,incubator-tajo
1301,910,28,30,2022-06-13,project-travel-mate,travel-mate
17,6,3,30,2017-05-25,rainu,alexa-skill
851,687,560,30,2025-01-13,axelor,axelor-open-suite
8,5,0,10,2015-03-20,fpmoles,talks-restful-spring
109,26,20,30,2020-02-11,elasticinbox,elasticinbox
16,12,0,30,2022-10-24,exasol,hadoop-etl-udfs
296,76,3,14,2019-12-26,alibaba,velocity-spring-boot-project
5,1,0,1,2020-04-23,topicusonderwijs,tribe-krd-opensource
129,58,59,30,2023-06-14,cleartk,cleartk
31,68,2,30,2018-01-07,code-not-found,cxf-jaxws
16,2,0,22,2018-11-21,softwarebrothers,android-base
19,4,9,26,2021-12-27,larusba,doc2graph
420,487,86,30,2023-07-07,freedomotic,freedomotic
548,162,42,30,2020-05-08,kobakei,android-ratethisapp
240,58,3,19,2022-06-21,bootsrc,star-zone
34,38,5,30,2019-01-09,joewalnes,idea-community
75,14,0,30,2017-12-01,spullara,havrobase
301,78,2,5,2017-10-23,ittianyu,mobileguard
47,18,3,30,2015-11-13,htwg,uce
35,19,651,30,2019-07-26,unfoldingword-dev,ts-android
9,0,0,30,2011-05-15,snooplsm,njtransit
16,9,0,13,2017-09-07,esri,samples-geometry-api-java
778,198,5,30,2024-08-01,mploed,ddd-with-spring
64,23,6,30,2019-03-11,ibm-blockchain,fabric-spring-sdk
31,17,3,30,2020-09-18,sonatype-nexus-community,nexus-repository-r
5,2,0,30,2015-06-20,szokebarnabas,twitterminer
131,93,9,30,2023-12-16,opensoc,opensoc-streaming
3553,565,534,30,2025-01-13,oracle,helidon
85,55,1,3,2018-01-10,ctripcorp,hermes
30,19,23,30,2023-10-24,dehora,nakadi-java
21,10,0,30,2014-06-14,rvt,cnctools
26,4,0,14,2024-10-04,tigers-mannheim,sumatra
5,6,165,30,2020-06-18,monowai,flockdata.org
22,13,0,1,2024-08-14,senssic,sc-whorl
13,6,1,30,2016-10-08,biafra23,etherwallet
48,25,1,9,2023-10-28,ostigter,secs4j
54,13,8,30,2022-01-05,triple-t,simpleprovider
8,6,8,30,2022-11-24,trifork,sdm
1152,130,9,30,2022-07-29,glomadrian,roadrunner
26,15,35,30,2018-07-20,javaee,wadl
47,16,0,30,2021-06-25,shillner,unleash-maven-plugin
973,326,119,30,2021-08-23,lenskit,lenskit
11,15,50,30,2017-11-30,geosolutions-it,geoserver-enterprise
6,1,1,30,2017-07-11,julioromano,rxlocation
22,2,31,30,2010-11-17,enis,gora
14,7,1,23,2018-03-07,basakpie,vaadin-pagination-addon
19,27,12,30,2022-10-12,linj6,springboot-learn
5,0,1,30,2017-11-05,garygitgit,codingstarter
5,4,0,30,2012-08-17,livetribe,livetribe-slp
3780,1421,39,30,2025-01-13,tronprotocol,java-tron
29,32,1,6,2017-11-27,jianyangzhang,learn-spring-source-code
27,23,0,30,2021-03-30,cloudera-labs,phoenix
847,345,167,30,2024-07-15,evosuite,evosuite
27,5,2,30,2017-09-24,kimkevin,androidstarterkit
83,20,2,30,2024-04-24,fstab,promagent
260,120,286,30,2024-12-24,ctt-gob-es,clienteafirma
187,42,1,30,2025-01-06,hotelsdotcom,bull
71,25,0,30,2025-01-13,verapdf,verapdf-apps
9,2,0,30,2011-09-19,mainec,aim3-tu-berlin
11,6,0,30,2017-05-09,twosigma,beaker-notebook-archive
8,2,2,30,2023-05-09,optimaize,anythingworks
82,30,0,30,2019-09-03,flipboxstudio,mvvm-starter
11,0,2,30,2017-04-09,virtualzone,tubewarder
19,2,14,30,2022-12-27,rc-dukes,dukes
5,5,0,30,2017-01-15,chr-krenn,chr-krenn-fhj-ws2016-sd14-pse
6,6,64,30,2021-01-25,opensrp,opensrp-client-path
11,3,2,30,2020-09-26,buttplugio,buttplug-android
45,26,32,30,2025-01-13,micronaut-projects,micronaut-kubernetes
72,80,7,30,2025-01-10,xwiki,xwiki-rendering
30,14,1,30,2015-04-29,codenvy-legacy,ide
30,28,0,30,2018-10-09,aerogear-attic,aerogear-simplepush-server
4385,1087,143,30,2024-07-24,dreamhead,moco
6,1,0,30,2019-11-14,dekstroza,sandbox
78,12,0,30,2018-11-25,vanniktech,vntfontlistpreference
39,21,26,30,2023-11-30,fenix-framework,fenix-framework
38,25,2,30,2022-07-15,tfdream,juice
9,10,0,2,2023-05-23,apress,reactive-streams-in-java
236,74,29,30,2022-06-28,sarahtattersall,pipe
1393,504,73,30,2024-10-09,mpetazzoni,ttorrent
6,3,1,14,2017-02-03,a11n,customlintrulesworkshop
74,44,34,30,2023-01-31,jadiraorg,jadira
26,25,0,30,2014-01-25,langmi,spring-batch-tutorials
13,0,6,30,2023-07-16,asymmetrik,nifi-nar-bundles
81,32,64,30,2025-01-13,mozilla,gcp-ingestion
16,19,12,30,2022-06-29,shaohj,spring-boot-plugins
30,6,5,30,2023-10-15,markhobson,hamcrest-compose
6,2,5,30,2023-11-14,verivote,beast
14,5,0,30,2011-07-07,johannesbuchner,jake
44,25,1,30,2024-02-12,danielmichalski,spring-web-rss-channels
49,11,1,30,2023-07-08,waliedyassen,runescript
28,5,35,30,2022-12-05,gitools,gitools
56,47,2,30,2017-12-27,ldlqdsdcn,eidea4
848,498,14,25,2013-05-15,58code,argo
66,10,17,30,2015-11-06,domeide,doclipser
11,5,35,30,2017-09-05,schrum2,mm-neatv2
113,31,0,30,2015-09-16,pulsario,jetstream
6,0,5,30,2020-04-21,mela-org,mela-command
28,27,13,30,2020-10-24,sonarqubecommunity,sonar-lua
587,153,9,30,2022-03-08,mttkay,signpost
59,56,0,29,2019-08-26,v2rc,badger
13758,1436,205,30,2025-01-07,googlecontainertools,jib
477,88,26,30,2022-07-31,yaoguangluo,deta_parser
69,22,6,30,2020-10-14,blazegraph,blazegraph-samples
43,13,11,30,2023-10-06,inovait,neatle
8,0,0,27,2018-04-27,zirouan,android-mvp
1825,497,177,30,2024-10-28,jberkel,sms-backup-plus
36,13,0,6,2015-08-10,voidious,diamond
15,7,22,30,2023-01-02,bcgov,nifi-atlas
24,21,2,30,2024-12-03,mindscapehq,raygun4java
38,6,13,30,2024-12-07,jferard,fastods
73,14,2,16,2022-01-29,ukplab,argument-reasoning-comprehension-task
1453,305,140,30,2025-01-13,freeotp,freeotp-android
301,146,86,30,2022-11-16,helun,ektorp
14,16,24,30,2024-09-19,52north,sensorwebclient
19,7,4,30,2024-01-09,kendzi,kendzi-math
26,4,0,30,2020-11-26,jxnet,jxnet
18,12,9,30,2022-07-15,ibm,og
130,109,23,30,2019-05-09,lagom,online-auction-java
9,2,7,30,2016-12-01,edu-xored,memorise
9,5,0,30,2014-01-13,inventi,inventi-wicket
33,14,1,30,2018-08-06,h-e-n-r-y,binance-marketmaker
180,37,17,30,2024-03-27,seaseltd,rated-ranking-evaluator
38,54,10,30,2022-07-13,panterch,edu
18,5,9,30,2023-03-10,servirtium,servirtium-java
74,39,4,30,2022-09-10,jbytecode,rcaller
660,241,114,30,2024-10-16,xbmc,kore
59,9,1,30,2023-12-15,j5ik2o,java-ddd-example
1085,115,33,30,2024-05-31,nginx-clojure,nginx-clojure
7,5,1,30,2017-12-15,project-aries,gradle-multi-project-example
20,30,19,30,2024-07-17,eclipse,hawkbit-extensions
16,7,18,30,2021-05-17,sauilitired,kvantum
7,4,0,24,2014-06-22,tomitribe,community
22,5,0,30,2018-10-22,jagilpe,bdd-pact-microservices
34,13,3,30,2019-04-10,zalando-stups,spring-boot-etcd
52,24,8,30,2021-09-04,jetbrains,mapper
231,72,13,30,2025-01-04,eclipse,jnosql
121,62,60,30,2023-02-22,caojx-git,learn-java-codes
45,29,0,30,2017-10-23,willemjiang,seckill
152,41,25,30,2023-03-28,st-js,st-js
5209,777,264,30,2022-11-04,lingochamp,okdownload
392,70,41,30,2025-01-02,spongepowered,configurate
11,12,5,30,2025-01-07,snyk,teamcity-snyk-security-plugin
22,23,4,30,2023-04-16,apache,incubator-taverna-language
12,8,1,1,2017-08-01,mit-ll,xml-avro-converter
69,16,4,30,2021-06-07,gemserk,commons-gdx
6,1,0,30,2010-11-25,processone,android-wave-client
14,2,5,26,2020-10-13,mguenther,idem
27,17,0,30,2017-07-24,adobe-marketing-cloud,aem-dialog-conversion
830,84,17,30,2022-10-26,odrotbohm,moduliths
5,6,0,30,2017-04-18,modeshape,quickstart
52,28,0,30,2018-06-22,benwilcock,pcf-axon-cqrs-demo
4,2,4,30,2025-01-13,sonarsource,sonar-go
58,15,2,30,2024-09-13,drinkjava2,jsqlbox
1201,410,30,30,2024-01-10,wenweihu86,raft-java
10,5,0,30,2025-01-13,levelp,java
385,83,138,30,2023-12-12,eclipse,repairnator
12,14,0,30,2013-07-25,jmorille,android
15,11,0,30,2019-04-05,acelera-dev,acelera-dev-brasil-2019-01
36,12,1,30,2020-08-12,pusher,pusher-websocket-android
24,10,20,30,2025-01-10,fullsync,fullsync
14,11,0,30,2016-09-23,balancebeam,galaxy
403,80,27,30,2023-06-14,locationtech,geogig
8,4,0,8,2019-03-17,rune-status,zeruth-osrs-ps
762,360,32,30,2022-10-10,webx,citrus
928,118,21,30,2018-09-22,meidik,slimadapter
693,319,7,30,2022-10-27,spring-projects,spring-roo
22,6,6,30,2023-07-14,sonatype-nexus-community,nexus-repository-cpan
48,4,4,30,2017-03-26,rdlester,hermes
15,7,7,30,2019-11-27,cbornet,generator-jhipster-swagger-cli
469,138,24,30,2025-01-13,membrane,service-proxy
9,15,12,30,2023-10-24,comodoro,fractalzoo
6,4,0,1,2019-01-10,tanxiaolong77,nacos-070
25,10,0,30,2019-02-18,sedstrom,witch-android
343,41,3,29,2020-12-10,blankj,rxbus
7,6,0,11,2015-12-04,eclipse,tiaki-java
6,7,3,30,2017-10-29,ictd-maroubra,pems
5,1,0,8,2016-04-05,misukuro,nicolivewebsocketchat
22,34,0,30,2024-11-18,cytoscape,cytoscape-api
383,123,51,30,2022-12-14,lordofthejars,nosql-unit
3,2,0,30,2020-04-27,xiaohai2271,blog
1750,1157,3,30,2025-01-13,geotools,geotools
46,10,2,30,2016-06-20,mammatustech,qbit-microservices-examples
73,112,52,30,2025-01-12,openhab,org.openhab.binding.zigbee
390,58,19,30,2024-06-13,graphfoundation,ongdb
201,60,13,30,2025-01-13,hartwigmedical,hmftools
333,27,2,20,2017-10-28,stylingandroid,viewpageranimator
9,9,0,30,2012-03-22,motech,motech-mobile
298,67,18,30,2022-07-17,miho,vworkflows
4289,658,461,30,2024-12-23,freeyourgadget,gadgetbridge
185,466,32,30,2025-01-08,wildfly,wildfly-core
22,9,1,4,2019-08-14,google,intellij-protocol-buffer-editor
40,5,11,30,2017-08-13,operator1,op1
184,41,5,30,2019-11-29,lulululbj,box
59,8,1,22,2023-12-07,ipcjs,screenshottile
7401,2199,842,30,2025-01-06,swagger-api,swagger-core
44,7,18,30,2018-12-02,fasteque,rgb-tool
583,245,0,30,2020-02-19,javaee,javamail
26,44,9,30,2022-11-01,flink-tpc-ds,flink
16,13,0,30,2018-09-15,garethahealy,jboss-fuse-examples
97,36,8,30,2021-06-17,synapticweb,callrecorder
4,3,4,30,2024-02-22,unionvms,uvms-exchangemodule-app
30,9,4,28,2016-11-06,manuel-mauky,todomvcfx
12,5,1,30,2017-12-06,equalexperts,opslogger
153,32,5,30,2024-12-19,akihyro,orika-spring-boot-starter
618,201,17,30,2023-03-20,j-easy,easy-batch
69,28,0,30,2012-04-29,sonatype,sonatype-aether
13,500,81,28,2023-07-08,srctips,time-tracker
193,439,13,24,2023-12-07,in28minutes,mavenin28minutes
35,14,7,30,2017-03-31,aliada,aliada-tool
159,152,5,30,2020-03-04,apache,hadoop-common
12,7,35,30,2023-01-07,devonfw-forge,keywi
51,39,62,30,2022-12-16,sodafoundation,nbp
10,8,0,30,2020-04-14,kgrodzicki,cloud-computing-specialization
214,76,12,30,2022-05-20,careerbuilder,semantic-knowledge-graph
96,42,9,30,2023-08-29,apollofoundation,apollo
8,5,3,30,2022-09-08,casparderksen,docker-thorntail-jee8-microprofile
7,2,1,30,2021-01-30,matthewdavidbradshaw,avatar
16154,5493,1299,30,2024-10-17,alibaba,datax
14,6,0,30,2024-10-16,binarywang,wxjava-for-jdk6
4,3,1,30,2022-12-08,sir4ur0n,property-based-testing-talk-support
14,4,0,30,2017-03-02,lovejjfg,zhifou_demo
54,4,3,14,2017-08-12,bsideup,graphql-java-reactive
11,0,0,22,2020-06-05,isel-leic-mpd,mpd-1920v-li41d
34,19,6,30,2021-05-26,androidthings,cloud-iot-core-androidthings
528,140,90,30,2024-01-28,super-csv,super-csv
203,169,0,13,2018-12-27,spring2go,piggymetrics
32,23,25,26,2024-07-03,cloudflare,cloudflare-elastic
6,2,0,30,2015-03-14,fhopf,lucene-solr-talk
20,7,0,30,2017-06-16,srowen,zxing-bsplus
10,8,0,30,2021-10-02,raghunandankavi2010,samplesandroid
22,22,5,30,2024-07-11,eclipse,gemini.blueprint
16,1,2,17,2016-06-15,dpreussler,diacetyl
10,4,0,30,2015-08-18,jansoren,java-json-client
151,98,23,30,2020-10-14,coinbase,coinbase-java
634,87,28,30,2024-05-26,allenai,science-parse
36,16,14,30,2015-04-07,peerwasp,peerwasp
245,81,15,30,2023-12-16,rolandhe,hiriver
15,9,0,30,2011-02-21,abombss,roboguice
938,178,12,30,2019-12-02,linkedin,paldb
11,7,61,30,2020-05-27,fdio,honeycomb
19,6,1,11,2018-09-14,gkaffka,pixabayapp
51,21,1,30,2012-10-01,sleuthkit,hadoop_framework
7,2,0,30,2019-03-12,bookfrank,spring
26,7,6,30,2018-08-25,epages-de,restdocs-raml
25,17,78,17,2022-11-16,ogema,ogema
10,6,5,30,2015-05-10,pryzach,midao
20,8,11,30,2024-07-01,camunda,camunda-bpm-migration
14,7,6,4,2022-11-16,comcast,priority-operation-processing
136,37,11,30,2017-09-06,htm-community,flink-htm
6,12,0,2,2014-12-05,to-da,spring-boot-examples
21,31,20,30,2023-01-02,finalist,liferay-oidc-plugin
13319,6137,20,30,2024-05-17,sqshq,piggymetrics
1332,466,0,30,2025-01-05,hantsy,spring-reactive-sample
27,8,11,30,2024-06-30,pantheontechnologies,triemap
153,31,8,30,2017-05-17,seleniumkit,gridrouter
57,19,14,30,2020-07-02,verigreen,verigreen
35,10,20,30,2025-01-06,denoptim-project,denoptim
65,42,25,30,2024-11-26,auradevelopmentteam,bungeechat2
20,10,1,30,2011-11-29,chirino,hawtbuf
11,4,0,4,2014-04-16,atomovski,functional-programming-patterns
43,4,15,30,2019-10-14,rayo,rayo-server
7,6,2,30,2024-04-30,52north,sensorplanningservice
40,10,2,30,2020-05-28,zidoshare,elise
65,20,203,30,2024-06-05,scenarioo,scenarioo
20,7,0,2,2023-05-12,boldertechnologies,sonarqube-totalcoverage
37,45,57,30,2024-12-19,mulesoft,mule-maven-plugin
40,8,28,30,2024-10-21,vertretungsplanme,substitution-schedule-parser
15,7,0,30,2017-03-19,cwind001,cwindjavalab
12,27,7,30,2020-10-12,rmarins,accord
275,33,3,30,2019-01-17,frogermcs,google-actions-java-sdk
38,17,6,30,2023-03-24,romeoblog,spring-cloud
62,32,61,30,2021-06-18,dandelion,dandelion
64,11,4,17,2021-04-21,jbvincey,nestedradiobutton
108,58,22,30,2022-01-17,opentracing-contrib,java-spring-web
5,0,13,30,2015-12-01,collapseddom,stud.ip-client
10,5,0,30,2021-11-09,bosch-io,iot-hub-examples
105,85,4,30,2022-02-28,sap-samples,cloud-espm-v2
100,24,18,30,2023-12-01,skyscanner,sonar-secrets
950,233,10,30,2022-10-11,mitallast,diablo-js
15,16,0,11,2015-08-27,caocf,distribute_framework
56,18,8,30,2022-10-05,johnnei,javatorrent
304,105,6,27,2020-06-12,rujews,android-gradle-book-code
36,3,0,30,2018-03-23,spotify,hype
18,11,3,30,2023-04-16,verisign,trumpet
8,4,7,30,2016-03-09,wasp-system,central
8,5,0,30,2012-06-10,gunnarmorling,musings-of-a-programming-addict
6,0,0,30,2017-03-14,heuermh,personal-genome-client
45,9,0,30,2016-07-06,wildfly-swarm-archive,wildfly-swarm
566,50,18,30,2022-12-01,derive4j,derive4j
7,3,27,30,2015-07-31,ever-been,everbeen
11,6,0,30,2020-06-08,mbezjak,vhdllab
10,2,8,30,2022-08-16,keykey7,confij
789,118,28,30,2025-01-09,platonai,pulsar
138,66,27,30,2021-08-17,mesos,storm
12,9,3,30,2022-07-07,visallo,webster
133,28,17,30,2024-11-12,timocloud,timocloud
3769,1456,31,30,2022-06-17,mpusher,mpush
35,18,4,30,2022-11-24,gunterze,dcm4chee-arc
75,39,1,30,2015-10-24,seasarorg,seasar2
172,100,62,30,2024-12-09,molgenis,systemsgenetics
243,78,38,30,2024-10-18,dcache,nfs4j
0,0,0,0,2022-01-08,yueshutong,snowjena
5,3,1,30,2023-09-08,difi,jenkins-docker
9,4,3,30,2023-05-22,eontechnology,server
6,3,4,30,2022-09-27,slezier,simplefunctionaltest
855,517,76,30,2025-01-13,cloudslab,cloudsim
17,21,19,30,2022-10-20,orange-opensource,fiware-cepheus
3898,1952,351,30,2025-01-08,knowm,xchange
16,8,34,30,2022-12-15,salaboy,smart-tasks
8,5,0,30,2016-07-05,hk-lei,apache-storm-1.0.1
406,187,4,27,2021-05-29,sdaschner,scalable-coffee-shop
32,8,4,30,2024-05-07,shinesolutions,aem-healthcheck
4,6,2,30,2023-12-05,dachengxi,dubbo2.5.4sourcecode
38,23,9,30,2024-06-03,yan74,afplib
1290,277,138,30,2022-12-08,tmobile,pacbot
60,11,22,30,2024-03-27,josephw,titl
101,8,0,30,2018-07-02,yy1193889747,springboot-demo
356,122,45,30,2021-10-29,marverenic,jockey
5,6,0,29,2013-05-26,adopt-a-jsr,java-8-benchmarks
5,3,1,30,2013-10-30,uniqush,uniqush-client-java
94,46,4,9,2023-04-07,smartling,keycloak-user-migration-provider
647,164,29,30,2025-01-10,neo4j,graph-data-science
130,99,80,30,2022-07-26,mysticfall,pivot4j
26,9,4,30,2022-06-10,sn3d,lime-mvc
139,13,0,30,2015-09-28,mattlogan,rhymecity
25,10,1,9,2017-03-21,rmnoon,workflowylist
147,45,11,30,2022-12-09,hudson,hudson-2.x
40,24,8,30,2022-10-12,longxiaonan,java-sea
8,9,0,30,2015-03-16,vmware-serengeti,vhm
11,3,0,22,2013-08-15,maxdemarzi,neo_permissions
9320,2185,10,30,2025-01-10,signalapp,signal-server
1471,299,23,30,2020-04-12,seldonio,seldon-server
54,33,37,30,2024-10-03,wollmux,wollmux
8,4,0,16,2020-06-13,12315jack,j1st-mqtt
8,6,5,30,2018-07-17,fga-eps-mds,2017.1-trezentos
9,34,0,30,2021-07-02,openmrs,openmrs-module-patientmatching
25,15,11,30,2019-04-08,kaspersorensen,dotnet-maven-plugin
319,75,96,30,2023-07-29,jawi,ols
335,157,369,30,2024-04-18,ibm,fhir
37,80,29,30,2023-01-04,yogenraii,spring-examples
216,36,7,30,2018-10-16,mbrlabs,mundus
9,13,2,30,2018-07-16,rcuprak,actionbazaar
15,15,2,30,2017-06-05,vseloved,prj-algo2
33,17,2,5,2017-10-16,ixrjog,cmdb
89,7,1,30,2016-01-04,anjlab,sat3
67,39,3,30,2019-05-22,thegalfins,gnss_compare
60,21,0,7,2017-06-12,ccampo133,spring-aws-lambda
136,41,0,30,2015-06-24,jeluard,semantic-versioning
14,4,0,13,2020-09-10,icon-project,did-sdk-java
101,63,7,30,2022-05-03,phenotips,phenotips
4,11,5,30,2018-08-21,europeana,europeana-client
10,0,0,30,2014-09-19,nict-wisdom,rasc
10,1,0,30,2016-07-31,ironsource,ironbeast-android
42,7,9,30,2022-01-03,schnatterer,nusic
48,116,3,30,2022-07-13,joedayz,spring-boot-samples
1003,230,81,30,2025-01-13,yahoo,elide
13,3,1,30,2018-04-16,spotify,protoman
11,9,23,30,2016-02-26,caelum,vraptor-console
4,4,2,30,2017-02-18,sitoolkit,sit-ad-archetype-javaee7-web
848,263,0,30,2021-07-21,eucalyptus,eucalyptus
9,6,28,30,2022-12-14,choreos,choreos_middleware
8626,5968,744,30,2025-01-13,bigbluebutton,bigbluebutton
7,3,0,19,2022-09-27,istitutocentralecatalogounicobiblio,nuovo-opac-di-polo-sbn
129,47,34,30,2024-04-04,redelastic,reactive-stock-trader
584,71,19,30,2018-04-11,orhanobut,wasp
833,342,58,30,2019-02-19,twitter-archive,twitter-kit-android
38,18,19,30,2021-04-11,conveyal,gtfs-validator
2402,740,128,30,2024-10-09,marytts,marytts
8,4,5,30,2024-11-06,diversify-project,sosiefier
112,84,5,30,2024-04-04,pegasyseng,ethsigner
508,50,28,30,2020-10-13,quicktheories,quicktheories
289,365,15,30,2025-01-13,pentaho,pentaho-reporting
25,6,11,30,2024-06-19,gchq,event-logging-schema
132,21,0,30,2019-03-27,wkgcass,latte-lang
56,19,22,30,2022-12-10,jrcodeza,spring-openapi
20,14,5,30,2015-04-13,tawus,tawus
7,5,1,30,2011-03-01,ops4j,org.ops4j.pax.exam1
13594,2402,13,30,2025-01-13,netflix,zuul
15,7,3,30,2021-05-19,dius,pact-workshop-android
26,9,3,30,2021-07-12,keepsafe,cashier
4041,830,77,30,2022-12-16,qunarcorp,bistoury
33,8,6,30,2024-12-20,vertigo-io,vertigo
114,49,26,30,2023-11-09,cerner,bunsen
34,22,13,30,2016-05-19,djschilling,sopa
198,50,6,30,2018-04-18,contra,jmd
9,4,7,22,2017-02-19,threema-ch,threema-msgapi-sdk-java
899,313,0,30,2018-05-16,facebookarchive,nifty
14,14,3,30,2016-01-13,interactivespaces,interactivespaces
308,75,0,30,2019-12-15,camnter,androidlife
8,4,2,30,2013-06-22,avh4,imagecomparison
13,4,15,30,2015-03-20,drankye,haox
13,3,0,30,2019-04-04,aquatir,neo-dev
19,57,18,30,2022-09-08,jentrata,jentrata-msh
6,3,1,30,2024-11-20,melkir,api-libraries-demo
37,14,3,30,2020-12-21,secretsharing,secretsharing
31,15,0,30,2018-09-22,networknt,light
316,88,6,30,2022-11-09,humank,eventstormingworkshop
41,23,1,11,2017-08-14,dyc87112,didi-eureka-server
140,28,7,30,2021-06-24,google,gwteventbinder
199,162,3,30,2023-03-12,forge,core
20,1,0,23,2015-12-16,f2prateek,bundler
110,48,26,30,2024-05-29,beanit,jasn1
181,95,10,30,2020-10-02,elifut,android
32,7,1,28,2018-01-09,karthicks,gremlin-ogm
21,3,0,30,2022-05-13,rbgkew,powop
5,1,6,28,2015-03-22,jwifisd,jwifisd
29,7,1,30,2016-04-30,devesion,java-obd-adapter
46,17,4,30,2024-08-13,radcortez,wow-auctions
18,2,2,30,2016-06-20,uphyca,idobata4j
23,15,8,30,2021-04-08,smurn,jply
16,9,0,11,2017-10-27,pptv,pike
31,22,2,30,2016-07-12,hyperledger-archives,fabric-api
1417,297,1,30,2024-12-10,netflix,servo
12,12,0,1,2013-03-27,fengjiachun,javac
901,274,63,30,2023-12-17,idean,sonar-swift
5,129,0,30,2011-09-16,wdev,struts2
14,4,0,30,2014-01-30,multibit-legacy,trezorj
32,3,0,13,2017-05-08,jaredsburrows,android-gradle-java-multi-module-template
7,1,0,30,2015-09-28,masters-info-nantes,mylazyclock
15,3,0,30,2020-04-03,wikimedia,wikidata-query-blazegraph
2812,703,50,30,2023-12-01,qunarcorp,qmq
45,7,4,30,2022-02-07,ifsttar,qrtone
4387,464,18,30,2023-11-23,robinhood,ticker
10,7,11,15,2022-11-16,flinkx,flinkx
7,46,0,30,2024-11-02,muzima,muzima-android
13,4,0,21,2018-11-12,quantranuk,protobuf-nio
33,5,0,30,2017-10-26,zhuinden,service-tree
121,7,5,30,2018-06-12,fueled,flowr
894,102,50,30,2024-11-18,takari,polyglot-maven
4,0,0,15,2016-08-21,minebreaker,waifu2xjava
31,22,13,30,2022-12-14,cmu-able,rainbow
918,403,114,30,2024-12-22,authorjapps,zerocode
47,7,2,27,2017-04-28,ashdavies,eternity
170,78,0,30,2018-03-10,citerus,bookstore-cqrs-example
21,23,6,30,2025-01-13,silverpeas,silverpeas-components
221,26,3,19,2017-05-12,neyoufan,ht-candywebcache-android
95,41,12,19,2022-04-22,leonardoanalista,java2word
48,45,6,30,2024-08-31,industrial-data-space,trusted-connector
11,4,73,30,2024-09-24,teiniker,teiniker-lectures-softwaredesign
5,2,1,30,2024-11-03,ucnz-seng302-2018-donaco,organz
1275,573,27,30,2025-01-03,mycollab,mycollab
33,14,2,1,2011-03-26,ahabra,reverse-proxy
16,21,0,20,2019-03-04,guangweiyao,blog
5,2,0,2,2014-10-25,lorilori,androidcgmmonitor
21,14,33,30,2020-10-13,graylog2,graylog-plugin-pipeline-processor
33,7,3,30,2016-08-17,soabase,soabase
15,5,13,30,2024-05-03,ozguryazilimas,telve4
23,5,6,30,2021-10-07,aehrc,snorocket
35,4,4,19,2023-01-12,ahuangshang,weex-android-calander
27,21,0,30,2017-05-20,derek-ashmore,moneta
9,1,8,30,2023-06-14,mbarbero,http-messages-signing
22,31,5,30,2022-01-21,javaee-samples,microprofile1.2-samples
42,15,4,30,2017-04-25,data2semantics,mustard
35,34,0,11,2023-01-30,packtpublishing,test-driven-java-development-second-edition
43,21,2,30,2020-10-13,fuzzylite,jfuzzylite
10,5,0,9,2018-03-14,rashiq,bitcoin
346,61,8,30,2024-01-18,netflix,raigad
276,82,3,30,2017-02-09,luobodcom,zzshow
91,67,6,30,2019-03-28,signalapp,websocket-resources
65,20,31,30,2020-06-15,covidsafe,app-android
6,1,1,30,2020-10-13,rs-renato,cluster-worker
84,40,0,26,2017-03-10,thiagoprocaci,springboot-react-jwt
7,2,0,13,2016-11-08,tommyettinger,finnegan
15,6,0,30,2017-05-11,thingyherb,familylibrarymanager
173,74,37,30,2023-12-04,akardapolov,ash-viewer
7,2,0,30,2014-06-05,cwi-swat,rascal-msr
215,133,13,30,2023-03-22,googlecloudplatform,google-cloud-datastore
11,4,153,30,2016-06-28,digitalroastery,weblounge
40,25,26,30,2024-10-05,illarion-ev,illarion-java
130,25,0,30,2019-03-23,zhukic,sectioned-recyclerview
79,9,2,30,2017-01-06,npgall,concurrent-locks
5,3,7,30,2022-11-16,metamx,rdi-client-java
5,14,17,30,2024-12-02,szaqal,kitchensink
20,13,0,27,2014-02-11,need4spd,lucene-korean-analyzer
42,50,1,30,2022-01-27,jenkinsci,findbugs-plugin
6,2,8,30,2020-08-09,kkrugler,yalder
21,1,15,30,2021-04-26,wb14123,bard
30,8,53,30,2024-04-30,yodigi7,quiplash
598,98,34,30,2017-11-27,puniverse,comsat
6,5,0,30,2018-12-19,martingijsen,powertools
15,14,0,30,2025-01-13,wcm-io,wcm-io-samples
273,93,234,30,2025-01-09,angelozerr,lsp4xml
27,7,11,30,2018-08-18,ronenhamias,scalecube-services
79,14,1,22,2015-11-19,hibrianlee,androidmvvm
6,2,0,30,2017-09-02,aschattney,photostream-tools
13253,4694,211,30,2025-01-13,apache,incubator-dolphinscheduler
8,6,8,30,2017-12-15,0xnm,btc-e-client-for-android
69,46,2,30,2016-11-02,hutai123,dubbox
14,5,1,10,2019-11-19,lhalcyon,payment-listener
91,48,11,30,2022-11-28,ehcache,ehcache-jcache
100,20,8,30,2021-12-30,enginehub,intake
52,14,1,30,2022-06-08,nsg-ethz,sp-pifo
23,7,9,30,2022-07-06,akquinet,needle
122,48,0,30,2014-05-28,jop-devel,jop
67,64,238,30,2025-01-05,vmware,singleton
69,16,2,30,2016-12-06,netcrusherorg,netcrusher-java
47,12,4,30,2017-12-12,pinterest,yuvi
11,12,81,30,2017-04-07,qabel,qabel-desktop
13,12,3,30,2024-09-11,dvbern,iso20022
54,22,22,30,2022-12-16,vmware-serengeti,serengeti-ws
5,0,2,30,2018-04-18,leberkleber,ljcm
15,54,1,30,2019-02-04,sel-columbia,dristhi
79,37,8,30,2025-01-06,sonarsource,sslr
58,50,22,30,2024-07-08,vitrivr,cineast
172,21,0,30,2025-01-02,eckig,graph-editor
14,4,31,30,2019-05-10,semantalytics,xsparql
10,13,0,30,2017-01-09,openbankproject,obp-jvm
6,5,1,30,2019-01-10,europeana,imageharvester
16,33,1,30,2019-01-29,inmobi,grill
50,22,18,30,2019-07-23,mocircle,cidrawing
297,144,1561,30,2024-12-30,hzi-braunschweig,sormas-project
180,65,4,30,2023-12-17,ehaut,syhthems-platform
335,164,2,30,2023-12-17,ouyangan,hunt-admin
44,16,20,30,2022-07-07,eldelshell,amforeas
242,93,8,30,2024-05-08,airlift,drift
775,304,24,30,2018-12-13,sczyh30,vertx-blueprint-microservice
6,3,0,30,2016-11-17,ransj,react-native-ad
38,4,0,30,2018-08-22,lesfurets,doov
2291,491,476,30,2024-05-16,open-keychain,open-keychain
63,56,2,30,2015-04-14,nchovy,kraken
3,12,4,30,2022-06-16,opentracing-contrib,java-cassandra-driver
164,124,175,30,2024-01-09,restcomm,media-core
1035,549,108,30,2025-01-08,aws-amplify,aws-sdk-android
21,17,112,30,2024-10-08,bordertech,wcomponents
13,6,1,30,2018-11-07,dsx-tech,blockchain-benchmarking
8,11,1,30,2024-12-24,sonarsource,sonar-update-center
5,0,2,30,2011-05-04,sourcesense,stone
125,101,442,30,2025-01-13,eclipse,sw360
10,4,1,30,2012-07-24,peterhoeche,adobe-flex-pmd
31,24,1,30,2025-01-05,eclipse,jnosql-artemis-extension
82,11,35,30,2022-11-15,seznam,euphoria
6897,746,405,30,2025-01-13,google,error-prone
17,25,3,30,2017-04-28,apache,incubator-retired-openaz
19393,7227,35,30,2025-01-04,linlinjava,litemall
24,11,25,30,2017-12-31,retz,retz
136,45,48,30,2024-09-04,axoniq,axon-server-se
1813,815,272,30,2022-11-18,redsolution,xabber-android
104,11,2,30,2024-10-11,infinum,android-prince-of-versions
16,9,0,30,2021-01-14,joumenharzli,survey-example-spring-boot-angular
18,9,6,30,2022-10-05,hevelian,hevelian-olastic
3557,1192,3,30,2017-02-07,code4craft,netty-learning
38,30,16,30,2022-11-30,hashicorp,nomad-java-sdk
595,116,34,30,2025-01-01,jflex-de,jflex
2325,341,33,30,2022-06-25,meituan,wmrouter
60,25,72,30,2023-03-02,reflectoring,coderadar
1202,706,11,30,2024-10-17,redhat-developer-demos,istio-tutorial
52,44,0,30,2014-09-28,kijiproject,kiji-schema
60,22,61,30,2018-10-08,fekracomputers,islamiclibraryandroid
15,23,2,30,2020-03-12,apache,incubator-taverna-mobile
36,277,1,9,2020-02-25,rainywang,spring2020_hitcs_sc_lab1
619,212,203,30,2021-02-09,mozilla,mozstumbler
228,58,45,30,2022-09-05,k3b,aphotomanager
12,2,3,30,2018-04-20,opensanca,service-validator
119,50,21,30,2022-12-14,glassdoor,planout4j
32,10,5,30,2024-11-15,dbmdz,imageio-jnr
51,34,19,30,2024-10-03,openmainframeproject,ade
11,34,0,28,2018-08-26,peterchenhdu,interface21
11,10,3,30,2019-05-05,atam4j,atam4j
7,6,0,1,2017-06-12,pan2yong22,androidutilcode-master
11,3,0,7,2018-06-21,fbsamples,listviewtorecyclerview
5,4,0,15,2014-03-25,groupon,novie
135,21,25,30,2018-12-03,pushjet,pushjet-android
8,0,0,11,2016-04-17,jmonad,maybe
35,13,2,30,2021-03-20,openjavacard,openjavacard-tools
296,12,1,30,2016-12-19,konmik,solid
5,3,0,30,2020-04-15,io-sgr,telegram-bot
5,6,0,29,2016-01-26,fastconnect,tibco-fcunit
70,54,5,25,2022-01-23,bing-chou,etherscan-explorer
129,15,3,30,2024-12-12,liaoheng,bingwallpaper
151,135,4,30,2024-07-24,apache,deltaspike
5,0,0,15,2017-02-19,confabulation,symbolic
48,7,2,30,2016-11-23,jasonwyatt,srml
6,2,1,30,2017-10-20,kasparpeterson,simplemvp
20,8,0,30,2017-12-24,uniba-dsg,betsy
16,13,3,30,2019-04-19,geolatte,geolatte-mapserver
39,14,5,30,2019-07-15,leancloud,android-sdk-all
85,6,1,27,2016-05-04,longbkiter07,triangle-architecture
458,605,318,30,2025-01-02,adobe-consulting-services,acs-aem-commons
337,64,69,30,2024-10-07,xtreemfs,xtreemfs
13,4,1,30,2013-06-12,blizzy78,documentr
6,6,1,30,2022-06-26,midokura,odp-ovsdb
13,12,3,30,2024-12-02,sabreoss,conf4j
26,26,2,30,2016-12-21,cnnic,rdap
89,19,5,27,2017-06-13,orhanobut,mockwebserverplus
40,12,4,30,2022-10-11,electroid,intake
151,18,8,30,2020-08-29,stkent,amplify
15,15,0,1,2015-11-15,qianmiopen,weixinradio
12,6,9,30,2019-08-14,googlecloudplatform,service-broker-samples
77,5,0,30,2018-09-21,jeppeman,highlite
70,97,2,30,2025-01-12,jenkinsci,jclouds-plugin
274,273,76,30,2025-01-10,jasig,uportal
148,158,173,30,2025-01-02,jfrog,build-info
12,3,0,30,2014-04-23,gruter,tajo-cdh
596,102,54,30,2024-08-19,rackerlabs,blueflood
198,59,13,30,2023-04-10,twitter,hpack
126,109,36,30,2017-02-21,ripple-unmaintained,ripple-lib-java
13,1,7,30,2022-06-17,halower,newbie-spring-boot-project
4786,1269,170,30,2024-12-27,bisq-network,bisq
6367,1947,50,30,2024-12-17,quartz-scheduler,quartz
22,5,1,30,2019-09-09,ybj366533,yy-videoplayer
7,1,1,30,2016-04-14,ykrasik,jaci
9,6,0,30,2017-11-12,gazbert,bxbot-ui-server
1083,448,337,30,2025-01-13,apache,accumulo
41,14,2,3,2013-05-02,klawson88,levenshteinautomaton
31,18,6,2,2022-10-05,chenhaiyangs,rocketmq-read
11,3,68,30,2022-09-01,hinneburg,topicexplorer
8,13,51,30,2022-07-07,cts2,cts2-framework
138,55,25,30,2023-12-17,ha-jdbc,ha-jdbc
24038,6545,72,30,2025-01-13,apache,skywalking
198,23,1,30,2016-11-11,zacsweers,rxpalette
35,4,9,30,2015-07-31,otto-de,jsonhome
23,3,0,9,2017-06-12,aragozin,heapunit
31,5,26,30,2020-07-08,tracingplane,tracingplane-java
512,83,21,30,2021-07-27,npgall,concurrent-trees
9,2,0,30,2018-06-12,ichukai,blog.chukai.pro
26,12,32,30,2022-07-15,lsds,seep
13,4,4,14,2018-10-24,cdavid14,ne20-user-graphics
14,17,1,13,2018-10-19,julongchain,julongchain-netty-infosec
1378,129,23,30,2024-05-08,electronicarts,ea-async
41,18,0,30,2021-02-05,wso2,cellery-security
373,139,53,30,2024-02-16,devicehive,devicehive-java-server
13,8,4,30,2021-01-13,nicta,aremi-tmy
11,11,0,16,2014-12-03,jaihirsch,mongo-tail
14,9,9,30,2022-06-28,racodond,sonar-jproperties-plugin
747,172,12,30,2025-01-05,netflix,spectator
9,5,2,2,2018-01-31,hibrianlee,imageanalyzer
1602,268,110,30,2024-12-11,jigsaw-code,intra
11,5,21,30,2018-11-06,elan-ev,studipandroidapp
47,10,0,30,2018-12-20,chengdedeng,yfs
21,10,67,30,2024-07-26,urieli,jochre
5,5,1,30,2013-05-29,health-and-care-developer-network,health-and-care-developer-network
54,13,1,30,2018-03-05,andremion,villains-and-heroes
205,71,43,30,2024-08-11,martinmarinov,androiddvbdriver
8,3,6,30,2021-04-26,netcentric,system-env-install-hook
2219,286,0,30,2020-02-25,twitter,distributedlog
302,77,0,30,2022-02-11,novoda,sqlite-provider
23,20,3,30,2015-07-14,magott,spring-social-yammer
103,23,5,30,2019-06-13,zsoltk,overpasser
25,11,156,30,2021-04-08,mozilla-mobile,firefox-echo-show
6,12,1,30,2014-11-07,nuxeo-archives,nuxeo-services
135,40,50,21,2022-04-12,ahastudio,fastcampus-eatgo
64,26,2,30,2021-06-15,djarza,football-events
43,34,1,2,2017-05-17,wikibook,advanced-android-book
32,2,8,16,2017-05-16,codyengel,flax
791,532,320,30,2024-11-18,swagger-api,swagger-parser
537,173,14,30,2019-09-10,sxfad,porter
5,2,1,23,2016-10-14,wxssteven,iotdm-client
43,8,16,30,2022-06-26,mschlauch,comfortreader
662,728,7,30,2023-05-27,pkainulainen,spring-data-jpa-examples
374,73,23,30,2024-12-19,box,mojito
20,3,0,30,2013-12-10,dime-project,dime-server
16,4,0,30,2016-07-07,freefair,android-library
118,76,5,30,2021-09-10,fuzziness,kabeja
227,88,68,30,2025-01-07,sonatype-nexus-community,nexus-repository-composer
42,31,4,30,2020-10-13,yuyang226,flickrjapi4android
7,6,0,30,2016-07-12,mwaylabs,relution-jenkins-plugin
25,9,19,30,2023-12-15,sponge-rpg-dev,nt-rpg
18,4,1,21,2016-08-15,gmarziou,jhipster-ionic
29,6,8,30,2025-01-10,m2mobi,markymark-android
87,24,5,3,2018-05-18,octiplex,android-rtmp-muxer
12,15,8,30,2021-06-07,danielrendall,metaphor
47,7,56,30,2013-12-10,fathomdb,cloud
195,20,7,30,2018-07-02,jenzz,rxappstate
461,54,2,30,2017-02-05,soarcn,favor
306,20,0,4,2016-12-18,jakewharton,rxwindowifchanged
23,18,1,30,2015-10-25,colin-lee,autoconf
7,2,17,30,2022-06-20,gu-youngfeng,crater
18,12,1,6,2017-08-28,sriramkeerthi,simplethreadpool
83,56,0,9,2014-11-26,marcingrzejszczak,mockito-cookbook
6,1,0,30,2014-03-24,jeluard,stone
21,4,1,30,2014-03-27,streamreduce,streamreduce-core
9,2,0,30,2016-07-31,rbedia,ipheatmap
7,1,0,30,2017-11-04,carlphilipp,stock-tracker
1890,1172,51,30,2023-12-16,spring2go,staffjoy
8,3,19,30,2024-11-17,xlythe,androidtextmanager
7,5,2,28,2017-11-15,conversant,mara
34,33,34,30,2025-01-07,saalfeldlab,render
3721,365,1,30,2021-02-09,willowtreeapps,spruce-android
51,17,3,30,2024-10-01,atlanmod,neoemf
17,5,11,30,2013-09-08,dssg,cta-otp
5,4,0,14,2017-10-28,java-lang-programming,android-recyclerview-demo
627,254,108,30,2019-05-12,mvarnagiris,financius
21,12,3,20,2016-01-21,sotera,zephyr
66,23,65,30,2021-12-04,nova-team,nova-core
7,1,13,30,2018-12-03,laurentsebag,android-wifi-timer
289,63,11,30,2023-05-10,shineware,komoran
15,15,12,30,2024-08-08,web-innovate,bootstraped-multi-test-results-report
14,34,3,30,2020-08-19,nuxeo-archives,nuxeo-features
466,29,1,30,2021-04-15,square,burst
5,1,9,30,2017-05-02,thorstenwitt,mensaapp
480,252,2,2,2015-11-25,nero520,mybatis
155,165,1,30,2025-01-03,zuozewei,java-api-test-examples
26,10,0,12,2024-05-27,benfowler,dancing-links
53,18,1,30,2020-03-24,ssledz,eav-model-pattern
29,16,6,30,2018-03-24,jclouds,legacy-jclouds-chef
75,9,27,30,2022-09-30,traneio,ndbc
9,0,0,14,2016-09-17,yawkat,mdep
25,4,294,30,2024-12-21,benchflow,benchflow
18,8,48,30,2024-09-05,hashgraph,hedera-hcs-sxc-java
415,113,44,30,2019-05-06,javamonkey,beetl2.0
14,12,0,6,2017-11-30,luotuo,cas4.0.x-server-wechat
10,15,7,30,2021-12-17,snowdrop,spring-cloud-stream-binder-artemis
65,9,5,30,2016-09-06,ruediste,btrbck
105,17,20,30,2021-01-20,voxelwind,voxelwind
5,7,1,25,2018-08-24,googlearchive,digits-migration-helper-android
10,3,1,7,2024-01-22,coffee4j,coffee4j
7,1,0,19,2014-12-04,ishaigor,rest-retro-sample
33,27,11,30,2023-03-20,forge,furnace
147,72,8,30,2022-12-16,neoremind,coddding
47,22,2,30,2018-06-26,forcedotcom,java-sdk
1053,237,51,30,2021-04-17,ischwarz23,sortabletableview
25,23,2,30,2017-01-25,i-tech,openemrconnect
136,37,10,30,2021-09-03,picocontainer,picocontainer
106,32,3,30,2024-12-15,leapcode,bitmask_android
243,173,60,30,2021-10-26,liato,android-bankdroid
27,16,0,30,2018-11-22,kuangcp,mythredisclient
8,8,0,30,2015-12-05,arhangeldim,tehnotrack-mail
10,3,18,30,2014-12-09,readytalk,revori
8,4,38,30,2023-07-10,fev,cudu
8,4,42,30,2023-01-05,virtualdataset,virtdata-java
16,4,13,30,2024-06-19,ivctool,ivct_framework
370,127,36,30,2021-11-05,plusonelabs,calendar-widget
98,80,4,30,2020-08-25,benwilcock,spring-cloud-stream-demo
9,4,6,30,2017-10-12,maplesond,spectre
15,6,0,30,2018-02-08,yieldnull,biu
37,8,4,30,2017-03-02,jroyals,log4j-properties-converter
7,1,0,30,2009-10-15,jexp,idea2
21,6,0,22,2016-10-19,mohsenoid,fyber_mobile_offers
492,190,16,30,2025-01-13,coinapi,coinapi-sdk
19,1,12,30,2024-07-22,radcortez,flyway-junit5-extensions
192,34,3,30,2019-02-26,jacek-marchwicki,javawebsocketclient
48,41,0,30,2017-03-08,openrock,opendj
1134,240,127,30,2023-05-26,intuit,wasabi
54,70,2,30,2016-01-24,arun-gupta,wildfly-samples
40,7,82,30,2021-04-26,mvysny,aedict
248,89,145,30,2022-12-16,vipshop,pallas
41,23,20,30,2023-12-16,culturecommunication,ginco
9,3,0,8,2013-01-27,jesperterkelsen,aws-price-api
5,10,0,30,2016-08-18,codice,opendj-osgi
11,7,1,30,2020-11-12,cf-platform-eng,simple-service-broker
99,29,12,30,2021-08-17,algolia,algoliasearch-client-android
63,33,25,30,2023-06-19,sentineldatahub,datahubsystem
103,48,10,30,2022-12-15,sogou-biztech,compass
247,70,0,30,2022-09-26,1991wangliang,springboot-ddd-demo
4,10,0,7,2020-05-10,wotjd243,fastcampus.ddd-alone
54,22,14,30,2022-07-07,dkpro,dkpro-similarity
533,141,27,30,2018-09-18,testwhat,smaliex
254,79,11,30,2025-01-13,hotelsdotcom,styx
8,12,4,30,2017-03-24,gluster,libgfapi-jni
330,62,0,30,2025-01-03,gk-brown,http-rpc
5429,1589,588,30,2025-01-13,teamamaze,amazefilemanager
137,27,27,30,2024-03-16,criticalmaps,criticalmaps-android
272,107,58,30,2025-01-13,ehrbase,ehrbase
18,16,13,30,2024-10-10,akvo,akvo-flow-mobile
29,19,0,1,2018-08-29,androidsdksources,android-sdk-sources-for-api-level-28
13,6,0,30,2020-11-13,gralog,gralog
3,1,0,3,2021-01-26,jersey,jersey
12,10,11,30,2023-12-17,larusba,neo4j-jdbc
29,13,1,30,2016-12-28,fujitsu-pio,io
15,5,1,16,2014-07-16,dagi,spring-training
39,8,4,30,2024-10-03,gretard,sonar-ps-plugin
83,25,10,30,2022-06-29,sylvainlaurent,jdbc-performance-logger
39,57,0,30,2013-09-23,jbossas,console
14,7,0,30,2019-03-07,indeedeng,proctor-pipet
118,66,79,30,2019-10-27,mapzen,android
339,17,5,30,2018-12-18,groupon,grox
97,18,39,30,2015-11-27,ftomassetti,turin-programming-language
32,23,21,30,2024-01-16,terrestris,shogun-core
28,24,42,30,2024-10-28,entando,entando-components
2940,714,65,30,2022-10-23,ngbdf,redis-manager
49,42,0,30,2025-01-13,snowdrop,narayana-spring-boot
92,25,1,24,2015-12-22,wlin12,jnn
6,2,6,30,2017-05-10,hello,suripu-android
53,11,2,30,2021-04-26,gretard,sonar-tsql-plugin
1362,213,11,30,2020-03-21,eleme,amigo
6,0,0,30,2017-02-04,michaelbull,svg-stockpile
13,2,15,30,2018-11-27,teester,whats-nearby
184,24,75,30,2024-12-21,andreynovikov,trekarta
24,86,0,30,2018-03-18,robertp1984,softwarecave
8,9,3,30,2017-08-05,vitaly-chibrikov,otus_java_2017_04
897,629,39,30,2022-07-15,amazon-archives,aws-big-data-blog
95,70,29,30,2024-02-21,rdfhdt,hdt-java
3291,312,45,30,2024-11-20,netflix,concurrency-limits
30,7,15,30,2024-12-30,adr,e-adr
9,1,0,30,2019-08-27,obsidiandynamics,flywheel
34,16,22,30,2020-10-13,ekux44,lampshade
5,12,13,29,2024-07-10,ripple,crypto-conditions
163,78,90,30,2025-01-13,ifsttar,noisemodelling
5,0,0,30,2015-04-13,blakepettersson,reactmann
6,3,1,20,2018-07-24,mwinters-stuff,android-things-pca9685
20,8,2,30,2016-07-08,alladin-it,open-rmbt
47,6,0,30,2017-10-31,jloisel,elastic-crud
1774,353,338,30,2025-01-13,inria,spoon
15,11,12,30,2016-09-29,headissue,sahi
13,17,2,3,2018-09-06,dingziyang,activiti6-boot2
390,223,50,30,2020-12-02,thorntail,thorntail
18,15,0,30,2022-03-10,solaceproducts,solace-java-spring-boot
25,5,1,30,2020-10-13,pbackx,paypalipnservlet
6,11,0,30,2013-07-20,kef,hieos
44,28,4,30,2016-09-23,johnnymongiat,oath
7,2,0,2,2017-06-15,l316476844,dubbodemo
1137,387,90,30,2023-04-10,twitter,elephant-bird
11,12,6,22,2018-10-29,tsuoanttila,sidemenu-addon
180,55,132,30,2024-12-27,manydesigns,portofino
7,6,84,30,2016-02-18,clintonhealthaccess,chailmis-android
172,115,78,30,2020-10-12,jvelo,mayocat-shop
33,6,1,30,2019-10-02,giulianini,jestures
17,11,0,30,2018-05-24,code-connect,tum_homework
353,51,5,30,2020-09-07,ibinti,bugvm
12,15,21,30,2023-07-07,isa-tools,isavalidator-isaconverter-biimanager
125,103,3,30,2021-01-24,apache,nifi-minifi
9,2,2,30,2015-09-16,eldelshell,jobhunter
1484,765,266,30,2024-06-05,mitreid-connect,openid-connect-java-spring-server
10,4,3,17,2016-11-18,krishna81m,jackson-nested-prop-filter
5,1,0,10,2014-11-12,vdurmont,creditcard4j
18,21,1,30,2020-02-17,arcus-smart-home,arcusipcd
6,2,1,30,2016-06-15,project-helin,drone-onboard-app
116,55,0,30,2018-05-25,javaee,security-soteria
7,7,0,2,2017-03-28,apress,practical-spring-ldap
488,172,6,30,2022-08-13,asc-lab,micronaut-microservices-poc
358,12,4,30,2016-03-04,zsoltk,paperwork
1121,296,1,30,2020-10-01,ucodeustory,datastructure
8,9,9,30,2018-04-04,ideyatech,opentides3
69,36,3,13,2018-01-16,hzfengjian,rocketmq_trans_message
34,20,31,30,2022-12-16,hakko,subsonic
11,1,61,30,2025-01-01,jedwards1211,breakout
25,3,5,30,2017-05-26,triangleleft,flashcards
8,27,3,30,2020-12-24,exoplatform,kernel
47,81,2,30,2019-02-16,alex-bretet,cloudstreetmarket.com
42,10,3,30,2017-04-27,ef-labs,vertx-when
57,28,87,30,2024-09-26,asterics,asterics
24,16,1,30,2025-01-03,gocd,gocd-filebased-authentication-plugin
10,2,2,30,2021-04-18,johnwhall,kos-scripts
165,41,3,30,2020-02-02,juankysoriano,zen
495,128,29,6,2023-04-10,xiaomi,shepher
1490,332,52,30,2025-01-10,jplag,jplag
62,98,15,30,2024-01-05,tebexio,buycraftx
339,127,256,30,2022-12-16,denimgroup,threadfix
16,17,0,6,2015-06-06,wuyinxian124,netty4.0.27learn
159,89,26,30,2022-10-04,cloudera-labs,envelope
15,6,0,16,2015-01-05,ippontech,nantes-mobi-parkings
67,34,39,30,2017-06-28,googlecloudplatform,appengine-java-vm-runtime
10,5,2,30,2018-10-08,shrhdk,theta4j
85,57,87,30,2025-01-10,eclipse-ee4j,glassfish-hk2
90,23,8,5,2017-09-10,javolution,jscience
6,3,3,30,2019-05-22,kinecosystem,kin-devplatform-android
264,127,80,30,2024-05-08,fabiomaffioletti,jsondoc
411,92,4,30,2024-12-26,iamxpy,simpledb
6620,1427,335,30,2025-01-11,antennapod,antennapod
15,8,0,30,2018-11-07,maxdemarzi,dating_site
99,37,0,17,2018-08-29,bucharest-jug,dropwizard-todo
37,20,0,27,2015-09-29,sourcestream,moviedb-android
15531,3317,142,30,2023-04-28,android10,android-cleanarchitecture
19,9,0,30,2019-03-20,zhangnianli,brfs
9,0,0,30,2018-09-26,v0g3l,treff.
10,4,0,30,2014-04-24,kyle-liu,netty4study
42,36,70,30,2022-12-09,mminella,pro-spring-batch-source-code
22,46,18,30,2022-11-16,predixdev,predix-analytics-sample
25,7,0,30,2024-07-01,kiggundu,briar
58,17,5,30,2023-08-01,suragch,mongol-library
41,226,10,30,2025-01-10,openmrs,openmrs-module-htmlformentry
27,5,1,30,2020-10-13,yongjhih,dagger2-sample
393,262,66,30,2022-11-01,kite-sdk,kite
13,11,16,30,2020-07-21,devonfw,devon4j-legacy-modules
9,8,3,30,2013-07-07,fqntxmqee,webframe
28,7,13,30,2022-04-26,skew-opensource,slsqp4j
5,1,0,23,2017-04-05,ailohq,tiny-rxjava-jdbc
27,8,8,30,2020-11-19,adorsys,psd2-accelerator
15,10,9,30,2022-10-04,hl845740757,netty-translation
23,11,3,30,2016-10-24,peter-lawrey,saxophone
302,214,4,30,2025-01-10,hibernate,hibernate-tools
9,2,1,4,2017-01-24,yodle,bayonet
559,174,35,30,2021-08-30,androidthings,contrib-drivers
52,5,2,30,2019-09-07,panda-lang,light
1241,315,242,30,2024-09-19,jcodec,jcodec
26,6,1,30,2016-09-28,vladimirdolzhenko,gflogger
228,418,4,30,2019-05-14,code-not-found,spring-kafka
20,5,15,30,2021-06-23,nxparser,nxparser
280,151,70,30,2025-01-13,microsoft,azure-maven-plugins
2101,710,1,30,2022-12-13,mozilla-mobile,focus-android
18,11,0,30,2018-12-11,impetus,fabric-jdbc-connector
166,56,0,28,2017-01-13,wizardjedi,my-spring-learning
84,34,5,30,2019-04-22,consensys,cava
154,68,19,30,2023-07-11,apache,incubator-myriad
169,36,1,30,2024-11-13,romaniakovlev,timeshape
25,23,4,30,2023-06-29,nifcloud-mbaas,ncmb_android
60,22,3,30,2016-10-11,dropwizard,dropwizard-java8
70,84,2,30,2020-12-12,gourderwa,mynote
644,265,9,30,2025-01-04,apache,openmeetings
487,99,49,30,2022-06-30,ceon,cermine
23,7,7,30,2024-01-16,uni-bremen-agst,libvcs4j
83,34,1,13,2016-09-15,neoremind,fountain
36,28,64,30,2024-09-04,voyages-sncf-technologies,hesperides
14,5,13,30,2021-02-18,ceon,saos
498,147,37,30,2024-08-19,consensys,eventeum
19,3,4,30,2020-10-12,ptitfred,magrit
30,5,9,30,2022-12-16,warporganization,warp
25,9,197,30,2024-01-22,hobbit-project,platform
184,68,1,30,2017-11-15,mesosphere-backup,cassandra-mesos-deprecated
2338,292,8,30,2025-01-07,atlassian,commonmark-java
422,76,29,30,2022-06-20,google,moe
12,7,1,30,2021-06-04,lvcarnevalli,javaclean
14,23,12,30,2024-12-02,dhis2,dhis2-android-datacapture
115,35,38,30,2024-12-31,lordi,tickmate
50,24,1,5,2017-10-02,babyfish-ct,babyfish
46,14,4,30,2021-02-03,threerings,narya
75,36,5,30,2019-11-25,lipilee,toyshark
24,45,14,30,2021-07-25,kenshin579,tutorials-java
41,35,0,30,2016-04-05,ailab403,ailab-mltk4j
111,3,9,30,2025-01-12,krillsson,sys-api
8,6,5,30,2024-08-11,supaham,supacommons
10,5,0,8,2017-01-09,ptyagicodecamp,webview-overlay
248,55,5,30,2024-05-16,java-aodeng,hope
117,137,1,30,2025-01-11,ralscha,blog2019
2610,858,2,30,2019-12-04,esoxjem,movieguide
19,22,0,30,2016-05-05,inbloom,secure-data-service
9,3,0,30,2018-12-06,apache,skywalking-oal-tool
124,41,17,30,2025-01-03,programmevitam,vitam
126,28,0,30,2020-09-02,bbva,mirrorgate
24,4,2,30,2022-08-08,schnatterer,smeagol-galore
18,7,27,30,2025-01-13,nlpie,biomedicus
63,37,18,30,2025-01-08,deutschebank,symphony-java-client-parent
36,11,0,30,2021-02-11,zachbr,debuggery
7,1,0,30,2019-02-20,xhxj,eheitaiweb
88,107,93,30,2024-12-16,adobe-marketing-cloud,asset-share-commons
15,8,13,30,2017-09-20,fyodor-org-uk,fyodor
6,3,0,2,2016-04-14,alura-cursos,springmvc-2-integracao-cache-seguranca-e-templates
65,8,4,30,2015-06-09,percolate,foam
13,6,1,3,2016-02-07,jcmturner,java-kerberos-utils
66,99,0,30,2018-03-26,richfaces,richfaces
560,225,36,30,2022-10-05,kylinolap,kylin
18,85,1,30,2025-01-08,openmrs,openmrs-sdk
25,11,7,30,2023-01-23,forgerock,openig-community-edition
20,6,2,30,2013-10-10,adambien,e2ftp
25,38,23,30,2024-12-04,microfocus-idol,find
9,3,2,30,2017-02-26,svn2github,sat4j
66,14,6,30,2023-12-21,willing-xyz,restdoc
43,13,0,30,2016-03-21,caifeile,flowgeek
5,6,3,30,2020-03-15,bamdb,se231
4,4,140,30,2020-03-27,eyeseetea,pictureapp
61,87,1,30,2016-05-31,pkainulainen,spring-from-the-trenches
84,45,0,21,2017-08-02,rsippl,androidprogramming3e
92,17,14,30,2023-01-04,doov-io,doov
25465,8796,821,30,2025-01-13,seata,seata
5,3,1,30,2022-06-27,jhagestedt,blueprint
15,10,0,30,2024-03-13,opendaylight,netvirt
32,39,0,30,2025-01-09,sonarsource,sonar-xml
519,95,23,30,2024-11-27,gsi-cs-co,chart-fx
649,187,27,20,2022-12-16,meituan-dianping,octo-rpc
9390,3451,127,30,2023-06-06,pockethub,pockethub
28,31,85,30,2018-05-18,iotoasis,so
80,61,26,30,2023-04-25,pagseguro,pagseguro-sdk-java
90,39,0,30,2025-01-05,netflix,iep
175,130,21,30,2021-04-15,irufus,gdax-java
18,28,9,30,2022-03-07,vaadin,framework8-demo
6,4,0,30,2016-05-27,adsc-resa,resa
412,141,55,30,2023-03-30,uscdatascience,sparkler
17,6,0,30,2015-01-21,tesora,tesora-dve-pub
16,6,1,30,2023-04-15,nicta,nicta-ner
7,10,57,30,2022-05-20,ribesg,nplugins
19,5,0,30,2015-04-09,rhlabs,louie
45,21,8,30,2020-10-13,ocpsoft,socialpm
124,28,2,30,2022-01-03,dimakoz,meat-grinder
705,693,85,30,2022-01-18,spring-cloud,spring-cloud-gcp
17,7,0,30,2020-11-08,u6k,open_jtalk-docker
12,1,1,30,2016-10-13,iskandarshabaev,weather
21,4,2,30,2017-02-05,ekchang,jsouper
7298,3069,63,30,2021-08-26,square,dagger
33,23,9,30,2021-06-15,usnistgov,pyramidio
47,23,3,30,2021-03-23,sterodium,selenium-grid-extensions
27,21,9,30,2024-04-17,seedstack,business
7,3,1,4,2012-04-27,valassis-digital-media,cascading-avro
17,12,0,30,2018-10-08,aerogear-attic,aerogear-webpush-server
1,0,0,3,2023-02-15,confidence-coin,coco
13,4,1,30,2014-03-28,projectodd,jboss-polyglot
5684,864,157,30,2024-12-20,google,google-java-format
19,48,3,30,2025-01-13,pentaho,pentaho-data-mining
17,18,0,30,2018-09-05,forkjoinorg,base
920,601,2,30,2025-01-07,apereo,java-cas-client
391,144,59,30,2023-01-23,opentracing-contrib,java-spring-cloud
6,0,0,30,2017-11-20,barrydrink,longstringloader
7,90,4,30,2024-09-03,project-sunbird,sunbird-utils
42,16,2,29,2014-11-22,lonnyj,webp-imageio
34,23,7,30,2025-01-13,thebigg73,opensongtablet
65,29,71,30,2023-04-18,exonum,exonum-java-binding
99,241,55,30,2025-01-08,generalbytescom,batm_public
19,12,30,30,2024-04-07,cliffano,swaggy-jenkins
22,16,6,30,2025-01-13,arnosthavelka,spring-advanced-training
234,20,4,30,2018-06-27,akarnokd,rxjava3-preview
20,5,2,30,2015-03-29,juniversal,jsimple
63,16,9,15,2019-07-04,diorite,diorite
6,2,6,30,2012-06-25,oehf,coala
396,218,22,30,2025-01-03,chaosblade-io,chaosblade-exec-jvm
38,13,25,30,2025-01-13,mycore-org,mycore
237,21,12,30,2020-05-21,mfornos,humanize
16,19,5,2,2020-10-13,maithilish,maven-examples
36,27,37,30,2023-11-30,zeebe-io,zeebe-kafka-exporter
435,46,122,30,2024-11-27,karakun,openwebstart
388,147,44,4,2024-11-27,webankfintech,schedulis
7,5,3,30,2015-11-28,fge,grappa-debugger
17,11,9,30,2024-05-09,mulesoft,mule-esb-maven-tools
11,14,6,30,2024-12-14,tibcosoftware,tibco-streaming-samples
16,3,6,30,2022-01-14,wardle,rsterminology
368,308,2,16,2015-11-12,zhengxiaopeng,rocko-android-demos
16,143,7,30,2024-12-04,openmrs,openmrs-module-emrapi
33,3,26,30,2024-12-22,ghjansen,cas
22,53,0,1,2019-03-22,mattbornski,hive-demo
9,6,1,30,2024-03-27,wix,openrest4j
30,11,7,30,2020-10-12,mauro-idsia,blip
183,54,2,13,2022-03-10,scalified,tree
14,15,0,6,2018-03-11,vmarchaud,alkazia
1151,688,6,30,2025-01-10,sonarsource,sonar-java
59,22,7,30,2019-05-01,letelete,sleep-cycle-alarm
11,7,6,12,2022-06-21,doublechaintech,global-unique-id-generator
4,3,0,30,2018-10-20,eldermoraes,javaee-nosql
238,56,97,30,2023-03-20,goldmansachs,obevo
6,5,12,30,2016-05-04,treydone,mandrel
14,9,20,30,2020-01-19,valb3r,gtc-all-repo
10,2,4,11,2023-07-17,hackeryang,hadoop-exercises
21,10,2,30,2018-06-19,knowm,datasets
45,10,0,30,2023-05-05,cloudogu,command-bus
20,4,1,30,2014-05-10,grahamedgecombe,android-ssl
247,269,80,30,2022-04-04,spring-projects,spring-social-facebook
8,38,0,30,2014-05-30,sunryuan,taurus
161,210,19,30,2024-12-14,arquillian,arquillian-examples
15,7,1,30,2016-04-12,auth0,lock-smartlock
211,257,33,30,2024-07-05,lukasgit,flutter_contacts
60,30,56,30,2025-01-07,eclipse-ee4j,soteria
7,0,19,30,2024-03-15,kuhrusty,morbadscorepad
378,219,48,30,2016-05-26,cucumber-attic,gherkin2
18,10,36,30,2024-12-11,haiku,haikudepotserver
6,12,9,30,2017-11-27,syndesisio,connectors
61,52,0,22,2018-09-12,vipstone,springboot-example
111,18,32,30,2024-06-28,giscience,oshdb
260,36,80,30,2022-02-22,mcekovic,tennis-crystal-ball
56,10,14,30,2021-01-25,zeiss-digital-innovation,synchronizefx
19,34,0,30,2019-12-13,wso2-attic,ballerina-message-broker
146,49,33,30,2025-01-10,rterp,sumzerotrading
585,142,20,30,2022-06-21,univocity,univocity-trader
2673,387,23,30,2023-10-02,r0adkll,slidr
46,19,8,30,2023-12-18,febit,wit
5,2,5,30,2017-01-20,spartahack,spartahack-android-2016
141,31,62,30,2024-10-03,pgptool,pgptool
9,5,0,30,2015-06-03,coverity,pie
12,14,1,8,2017-06-16,phanvanlinh,stackoverflowdemo
23,4,0,30,2018-04-26,openknowledge,jaxrs-versioning
27,11,3,30,2012-11-06,urskr,updates-r-simple
15,11,2,30,2023-07-10,deric,clueminer
54,51,8,30,2020-03-01,apache,marmotta
8,12,0,30,2014-12-05,huge-data,storm-sentiment
45,42,10,30,2022-06-21,kenfinnigan,ejm-samples
506,108,9,30,2019-09-20,dmilicic,android-clean-sample-app
5,4,0,5,2013-02-04,sworisbreathing,jpathwatch
18,11,0,30,2016-09-21,godin,sonar-experiments
367,100,0,30,2021-10-25,graphql-java,graphql-java-spring
116,50,22,30,2022-07-15,dueros,bot-sdk-java
11,39,3,30,2021-06-15,hpi-information-systems,akka-tutorial
93,20,19,30,2018-07-28,meteogroup,jbrotli
349,130,11,30,2020-10-01,codingforinterviews,practice-problems
978,133,24,30,2025-01-08,mobivm,robovm
47,14,28,30,2023-05-17,stamp-project,pitmp-maven-plugin
174,31,4,30,2024-07-16,takawitter,trie4j
10,9,0,30,2020-10-16,asarkar,java
4792,873,114,30,2024-08-17,querydsl,querydsl
253,68,35,30,2024-12-16,lmco,streamflow
98,40,21,30,2024-10-14,spoonlabs,nopol
147,25,0,30,2016-11-02,pragmatists,tdd-trainings
29,17,46,30,2023-12-17,rogiel,l2jserver2
50,17,112,30,2024-11-24,triggerreactor,triggerreactor
13,0,1,30,2015-05-03,nosceon,titanite
6,8,1,30,2017-10-11,jaspersoft,js-android-sdk
8,5,0,30,2021-11-28,jbenech,gnikrap
10,0,0,24,2016-03-24,lykhonis,rxactions
126,45,14,30,2022-02-21,eosio,eosio-java
919,1322,755,30,2025-01-13,dspace,dspace
39,36,2,30,2015-09-20,daniellitoc,xultimate-toolkit
316,258,0,30,2019-01-25,javaee,tutorial-examples
11,11,0,30,2021-08-31,rromannissen,rhoar-microservices-demo
48,20,36,30,2022-12-05,cogroo,cogroo4
3560,599,431,30,2025-01-11,spotbugs,spotbugs
6,3,44,30,2022-12-27,ubuntu-m,opensource
76,66,0,30,2019-05-09,adobe-marketing-cloud,aem-guides-wknd
18,24,0,30,2020-10-01,paperight,website
13,4,2,30,2019-04-23,luobosi-marvel,springboot-learning-example
85,16,14,30,2021-11-19,futurice,freesound-android
11,0,5,30,2023-03-18,drymarev,rxbsuir
46,7,9,30,2020-01-31,consensys,wittgenstein
731,136,25,30,2024-02-15,facebook,nailgun
30,10,3,13,2018-06-12,jhclark,bigfatlm
649,198,17,10,2023-11-21,consenlabs,token-core-android
118,25,96,30,2024-08-09,ukwa,webarchive-discovery
31,46,0,30,2021-04-28,sonarsource,sonar-ldap
11,14,1,30,2016-07-29,intuit,autumn
13,6,0,30,2012-08-21,fozziethebeat,c-cat
8865,964,199,30,2019-08-09,seven332,ehviewer
151,135,17,30,2025-01-13,sap,cloud-security-xsuaa-integration
17,7,0,20,2014-01-24,varunpant,gheat-java
35,14,4,30,2022-07-08,cblrit,ecg-viewer
130,475,8,30,2023-05-29,mkyong,maven-examples
2615,344,17,30,2023-01-26,kyson,androidgodeye
50,39,0,30,2024-12-17,opendaylight,ovsdb
4,1,20,30,2023-06-28,dynodao,dynodao
67,25,18,30,2017-06-29,mesos,logstash
68,24,1,30,2013-02-10,pierre,meteo
18,7,2,30,2022-06-21,pedrogao,lin-cms-java
292,117,10,30,2019-11-21,sofastack,sofa-rpc-boot-projects
7,12,7,30,2018-10-12,akolb1,hclient
26,10,8,30,2018-10-15,dissem,jabit
66,9,5,30,2017-07-21,t28hub,json2java4idea
59,3,1,30,2016-03-04,taichi,siden
630,58,3,1,2019-03-27,facebookarchive,ig-lazy-module-loader
5,4,10,30,2022-05-20,davidfauthoux,ninio
4388,404,56,30,2023-06-27,airbnb,deeplinkdispatch
286,103,21,30,2020-10-12,neophob,pixelcontroller
2062,1340,1151,30,2025-01-13,jamesagnew,hapi-fhir
5,1,1,30,2015-07-15,jjkester,transportlanguage
381,86,10,30,2020-04-04,kbastani,graphify
889,433,154,30,2021-08-02,selendroid,selendroid
24,5,0,30,2017-12-03,adambien,firehose
209,44,27,30,2023-12-16,ambiverse-nlu,ambiverse-nlu
543,133,6,30,2019-03-06,knowitall,reverb
42,24,14,30,2020-08-21,longkerdandy,mithqtt
6,1,0,29,2018-09-23,jliuold,docker-api-spring-boot
9,1,9,30,2023-06-13,scientific-tool-set,scitos
2936,1000,306,30,2024-11-20,osmdroid,osmdroid
1212,384,3,30,2025-01-13,mapsforge,mapsforge
30,13,3,30,2018-03-16,antoniomaria,gazpachoquest
44,24,1,3,2017-07-07,fwensen,indoor-location
70,12,14,30,2018-02-23,openzipkin-attic,zipkin-sparkstreaming
117,45,55,30,2017-11-21,steffenschaefer,gwt-gradle-plugin
32,8,4,30,2022-12-15,moparisthebest,jdnsproxy
19,27,0,30,2019-02-13,trainingbypackt,spring-boot-2-fundamentals
9,2,9,29,2023-01-17,nicoulaj,jmh-utils
4,3,5,30,2016-02-25,unbiquitous,uos_core
39,10,5,9,2021-03-14,realtime-storage-engine,flink-spillable-statebackend
1360,187,15,30,2019-07-19,manbanggroup,phantom
18,7,10,30,2020-10-19,sloy,sevibus
15,11,5,30,2024-06-03,nbbrd,jdemetra-nowcasting
44,23,1,30,2017-05-27,czyrux,grocerystore
136,73,104,30,2024-12-10,apromore,apromorecore
46,33,52,30,2024-07-18,arkcase,arkcase
182,58,58,30,2025-01-13,nsacyber,hirs
11,3,8,30,2024-10-02,julielab,jeseme
248,78,69,30,2021-08-27,nifty-gui,nifty-gui
72,22,7,25,2023-03-20,lyft,lyft-android-sdk
21,5,6,30,2016-05-11,kwon37xi,hibernate4-memcached
148,21,49,30,2021-11-15,paulhoule,infovore
49,37,1,30,2016-05-27,wtcctw,dianping-lion
135,103,41,30,2024-06-25,nuvotifier,nuvotifier
9,9,13,30,2022-10-04,smartthingsoss,smartthings-brave
7,5,0,30,2013-03-12,ekirkilevics,magnolia
90494,26744,166,30,2025-01-13,iluwatar,java-design-patterns
193,312,1,30,2018-11-24,roghughe,captaindebug
670,202,113,30,2023-07-05,census-instrumentation,opencensus-java
6,1,2,30,2018-11-06,lliepmah,androiduniversaladapter
148,32,42,30,2023-09-18,docbleach,docbleach
14,4,3,14,2020-03-08,maciejwalkowiak,spring-cloud-stream-binder-sqs
8,6,9,30,2016-07-29,duniter,duniter-android-app
9,4,2,30,2015-09-09,earthblood,toe
6,4,0,5,2015-10-15,theappguruz,android-json-parsing-code-sample
352,149,92,30,2024-04-06,tronprotocol,sun-network
87,44,8,30,2022-05-20,chubaostream,journalkeeper
16,6,4,30,2022-10-04,braintech,svarog
51,43,28,30,2024-12-18,ftsrg,theta
3,0,0,3,2021-01-27,tyrus-project,tyrus
793,101,7,30,2017-10-18,52inc,scoops
8,3,0,30,2015-05-27,codecentric,zucchini
63,52,3,30,2023-07-19,mbientlab,metawear-sdk-android
25,11,1,1,2019-05-20,tlw-ray,pentaho-kettle-webspoon-0.8.1.17
15,9,45,30,2025-01-10,proarc,proarc
368,64,40,30,2025-01-12,imixs,imixs-workflow
901,233,175,30,2020-02-11,impetus,kundera
7,4,0,30,2011-09-30,porcelli,mule-dsl
39,14,0,10,2015-01-06,ekito,spring-multitenancy
324,250,0,30,2019-04-24,bnjmn,weka
18,4,0,30,2018-02-06,saschpe,android-pls-parser
9,7,0,30,2018-11-29,impetus,blkchn-sql-driver
1890,276,13,30,2024-12-31,dunwu,java-tutorial
448,70,19,11,2022-11-16,ucbrise,anna
1365,274,19,30,2021-08-17,tinkerpop,blueprints
105,22,18,30,2020-10-15,flextradeukltd,jfixture
44,62,2,1,2019-03-29,apress,learn-microservices-w-spring-boot
10,11,0,30,2015-08-12,douglasjunior,douglasjuniortcc
78,28,3,30,2024-11-01,attdevsupport,videooptimzer
7,6,28,30,2016-12-06,geneontology,termgenie
4590,1244,217,30,2024-12-10,netflix,ribbon
220,18,2,30,2020-11-29,patrickfav,under-the-hood
79,8,6,30,2024-12-24,jetty-project,jetty-load-generator
68,31,17,30,2024-05-28,hibersap,hibersap
64,37,3,30,2021-05-03,yubico,yubico-java-client
66,20,2,30,2014-11-13,hiveka,hiveka
8,5,0,30,2023-09-05,mgm-tp,jfunk
109,11,4,30,2023-08-23,cavallium,warppi
6,0,0,30,2016-02-12,geronimo-iia,keystone
9,5,10,30,2018-03-01,datasift,datasift-connector
7,4,0,30,2017-06-28,pivotal-partner-platform-architecture,azure-service-broker-client
114,9,2,30,2017-03-10,drakeet,retrofit-agera-call-adapter
12,6,1,30,2025-01-09,sonarsource,orchestrator
424,86,58,30,2022-08-23,otros-systems,otroslogviewer
7,3,0,4,2023-11-06,pe4ch,cve-hub
21,7,0,30,2015-08-18,klinker41,tunes-for-tv
5,3,28,30,2023-12-16,jeconfig,jeconfig
22,8,22,30,2017-03-11,rdiachenko,jlv
7,9,0,4,2015-09-17,avesha,android.fba.toolkit
475,288,68,30,2022-04-04,spring-projects,spring-xd
166,113,18,30,2024-12-28,eclipse-ee4j,mojarra
192,82,6,30,2022-01-18,jsvazic,gahelloworld
445,244,182,30,2025-01-13,dcm4che,dcm4chee-arc-light
33,32,12,30,2022-09-08,opensharding,opensharding-spi-impl
0,0,0,0,2022-01-08,yueshutong,javamonitor
26,7,0,30,2015-06-02,talenguyen,prettysharedpreferences
36,24,23,30,2022-12-16,philwebb,springfaces
657,408,88,30,2025-01-13,eclipse,leshan
161,62,6,16,2022-11-15,hellobike,tunnel
25,6,2,30,2016-08-10,snowdream,snowdreamframework
10696,3058,2407,30,2025-01-13,prestosql,presto
9,7,1,30,2016-12-06,artoderk,elastic-jobx
22,28,10,30,2022-09-01,hryou0922,component
31,36,29,30,2025-01-03,alfresco,searchservices
29,4,1,28,2022-03-27,turhanoz,rxgoogleauthentication
13,5,17,30,2023-12-10,hyperrail,hyperrail-for-android
154,193,65,30,2024-03-04,wepay,kafka-connect-bigquery
149,69,218,30,2024-12-29,codecrafter47,bungeetablistplus
5,1,7,30,2024-11-15,replicant4j,replicant
11,10,1,1,2017-11-22,hungtm288,float-tube
10,1,31,30,2023-01-07,fjw,karmakurier
103,108,5,30,2024-12-31,qcadoo,qcadoo
10,1,6,30,2022-03-31,coffeenet,coffeenet-starter
245,68,1,30,2021-05-05,graphaware,neo4j-framework
5372,558,4,30,2022-07-13,evernote,android-job
112,19,0,30,2020-05-04,fmmfonseca,completely
6,2,0,3,2018-04-04,dzfking007,pdftoword
7,1,0,30,2018-12-03,quanticol,carma
420,50,9,30,2022-02-28,ribot,easy-adapter
19,23,4,30,2023-04-14,apache,karaf-cave
17,41,146,30,2024-12-11,opensrp,opensrp-client-core
66,26,0,30,2021-04-15,arcuri82,testing_security_development_enterprise_systems
68,28,13,30,2022-12-06,skalogs,skaetl
127,72,0,30,2024-11-25,ballerinax,docker
1591,611,134,30,2024-12-18,smartbear,soapui
51,48,33,30,2023-12-17,skyscreamer,nevado
67,25,15,30,2022-01-21,jdeolive,geodb
11,33,15,30,2016-03-01,robovm,robovm-store-app
6,10,1,30,2020-10-13,opentracing-contrib,java-tracerresolver
67,30,26,30,2018-03-03,jtechme,jumpgo
149,40,3,30,2024-09-11,jamling,smartim
91,100,42,30,2024-01-09,restcomm,ussdgateway
29,21,1,30,2020-01-30,amazon-archives,aws-sdk-java-samples
13,14,11,30,2023-02-12,librehealthio,lh-toolkit
15,7,2,25,2018-04-25,dbatalov,reinforcement-learning
6,3,8,7,2022-12-06,aliyun,tauris
157,81,15,30,2024-07-23,jenkinsci,kubernetes-pipeline-plugin
7,4,0,13,2019-08-06,v2rc,indicators
8,3,0,30,2014-09-26,emcvipr,dataservices-sdk-java
113,83,0,30,2018-08-31,javaee,hk2
38,10,7,30,2025-01-13,palladian,palladian
6,15,0,30,2012-12-17,liangliu,swallow
533,212,3,22,2019-10-14,vip-augus,spring-analysis-note
33,10,3,30,2024-12-20,deanhiller,webpieces
6,4,0,13,2012-01-04,ykyuen,maven-h2o
405,25,12,30,2021-08-16,eventsourcing,es4j
6,7,6,30,2022-03-21,michaelsembwever,possom
8,4,1,2,2016-08-17,ciruman,quarkfx
57,9,0,30,2017-05-13,saymagic,mwhale
6,5,1,30,2024-07-05,dodgymike,rapid-radius
6,13,1,30,2024-11-28,openidentityplatform,openam-jee-agents
9,2,1,30,2015-01-29,eppleton,canvas
70,53,40,30,2016-04-28,nitorcreations,robotframework-eclipseide
7,2,9,30,2019-01-20,cxcorp,lacuna
27,8,12,30,2018-03-10,sintef-9012,cloudml
20,23,28,30,2021-10-13,tltv,gantt
5223,670,34,30,2021-07-02,karumi,dexter
48,17,26,30,2020-03-05,bcmapp,bcm-android
365,67,2,30,2020-12-22,turbolinks,turbolinks-android
146,61,327,30,2018-02-14,kframework,k-legacy
8,0,0,30,2017-08-15,deziras,deziras-old
35,18,0,10,2017-07-12,songxinjianqwe,javawebskeleton
4442,1245,40,30,2024-04-16,mindorksopensource,android-mvp-architecture
57,19,0,30,2017-03-26,javafundamentalszt,java-fundamentals
30,8,19,30,2017-11-04,gradle-fury,gradle-fury
1819,156,14,30,2019-09-17,karumi,rosie
12,1,0,30,2021-01-30,matthewdavidbradshaw,spyglass
13,32,7,30,2019-01-29,codecentric,conference-app
140,27,2,30,2022-06-21,mheath,adbcj
19,10,0,16,2020-11-19,fourscouts,blog
27,9,15,30,2023-03-03,klubjagiellonski,pola-android
3553,273,33,30,2022-05-20,johncarl81,parceler
36,9,1,15,2023-09-29,joshlong,spring_io_2019
11,16,13,30,2022-06-28,racodond,sonar-json-plugin
42,114,23,30,2024-06-14,damienfremont,blog
21,3,0,3,2017-07-22,avraampiperidis,androidcamera
12,3,0,19,2017-04-30,abohomol,cookietray
54,28,25,30,2025-01-08,geosdi,geo-platform
50,32,6,30,2022-06-21,lengchuan,springboot-study
6,2,21,30,2023-01-05,virgilsecurity,virgil-mariadb-demo
18,7,7,30,2024-11-07,ihmcrobotics,ihmc-pub-sub-group
7,13,0,2,2017-06-05,mit-ll,pace
370,175,3,30,2024-04-08,kbastani,event-sourcing-microservices-example
147,62,23,30,2016-12-28,stratio,ingestion
843,95,10,30,2025-01-13,dizitart,nitrite-database
7,10,18,30,2023-08-15,apache,continuum
15,17,2,2,2016-03-09,jfmwz,storm-example
6,14,4,22,2022-05-20,grafeas,client-java
128,28,4,16,2016-06-02,benwilcock,android-alltest-gradle-sample
69,70,50,30,2015-03-22,anathema,anathema_legacy
10,4,0,30,2023-04-23,guw,knx-openhab-utils
20,1,10,30,2018-11-13,yanglifan,navi
55,29,37,30,2022-10-06,mmahmoodictbd,production-ready-microservices-starter
10,6,31,30,2023-01-13,dongyanghe,eikesi
5,1,0,23,2015-06-24,himanshumistri,materialdesign
17,2,0,25,2016-06-29,adejanovski,cassandra-dcaware-failover
13,3,2,30,2016-07-09,grobmeier,jjson
7,2,1,30,2023-12-05,intendia-oss,qualifier
125,29,1,30,2018-09-07,criteo,babar
5406,1874,43,30,2023-01-25,apache,dubbo-spring-boot-project
28,6,37,30,2023-11-20,lttng,lttng-scope
22,3,46,30,2018-05-18,dkpro,dkpro-uby
13,6,1,30,2016-10-18,meetup,timeywimey
58,42,15,30,2025-01-10,cloudfoundry-incubator,multiapps-controller
126,25,0,30,2023-07-06,learning-layers,tagrec
5,13,0,30,2024-01-23,nuxeo,nuxeo-sample-project
42,12,15,30,2019-01-04,opentracing-contrib,java-agent
6,6,1,25,2024-10-03,maplefix,learn-demo
64,7,3,18,2019-05-30,lightbend,reactive-streams-utils
28,2,0,30,2016-07-11,nilhcem,droidcontn-2016
5,1,38,30,2022-06-29,spacedog-io,spacedog-server
25,0,5,30,2024-11-15,subes,invesdwin-nowicket
245,86,19,30,2025-01-13,mycila,license-maven-plugin
19,1,1,30,2015-10-04,floralvikings,jenjin
44,204,1,30,2022-08-06,open-osrs,plugins
10,14,4,30,2014-06-29,jmingo-projects,jmingo
39,9,8,30,2016-10-01,vineey,archelix-rsql
2025,879,366,30,2025-01-13,open-telemetry,opentelemetry-auto-instr-java
5,1,0,8,2016-04-30,brendan-fahy,quantum
6,0,0,30,2019-10-24,schwarzit,andksnackbar
6,2,0,6,2017-08-25,ericmaxwell2003,databindingdemos
281,151,17,30,2024-06-21,ebay,uaf
165,19,24,30,2024-07-31,unknowndomaingame,panguengine
1222,287,18,19,2020-06-21,uber,athenax
9,8,0,18,2013-07-21,samaxes,java-ee-testing
553,80,29,30,2018-01-07,vickychijwani,quill
8,14,6,30,2014-09-15,jentrata,jentrata
59,8,2,30,2017-06-16,slavetto,anki-cards-web-browser
583,162,40,30,2021-12-20,kamranzafar,jcl
14,1,0,21,2017-07-06,aschattney,dagger-test-example
6,9,12,30,2022-07-06,carrot-garden,carrot-maven
6,0,0,7,2015-10-26,artem-zinnatullin,screenvalley
719,82,39,30,2025-01-10,pmwmedia,tinylog
5,10,1,30,2021-11-10,rtfpessoa,teamcity-aws-elasticbeanstalk-plugin
34,17,3,30,2015-09-03,cloud-software-foundation,c5-replicator
26,2,2,30,2015-10-14,mike-neck,javajo-gradle
341,89,16,30,2023-06-14,iamazy,elasticsearch-sql
11,7,6,30,2013-07-20,hugopoi,syncyourcloud
758,482,7,30,2022-04-04,spring-projects,spring-android-samples
20,8,2,30,2018-02-01,dkmfbk,knowledgestore
52,12,1,30,2017-08-22,manolovn,cssdroid
7,5,8,3,2012-01-09,vmware-archive,lmock
2763,717,58,30,2022-12-08,meituan-dianping,zebra
40,15,53,5,2023-02-10,open-intelligence,openi-octopus
7,11,2,30,2014-06-17,gatein,gatein-shindig
25,9,2,30,2025-01-07,welthungerhilfe,cgm-scanner
149,12,0,30,2019-06-12,jameszbl,authmore-framework
187,61,1,30,2024-01-10,sernet,verinice
65,20,16,30,2023-04-05,constretto,constretto-core
11,10,0,30,2017-03-03,juherr,jasn1
69,18,0,8,2021-12-13,citp,twofactorbtcwallet
816,140,18,30,2024-12-05,rub-nds,tls-attacker
7,6,6,30,2023-02-27,oktadeveloper,okta-ionic-jhipster-example
6,1,2,30,2021-12-01,nbaars,pwnedpasswords4j
32,15,50,30,2025-01-13,openam-jp,openam
512,109,71,30,2021-12-31,rtyley,agit
23,42,1,30,2022-07-06,openmrs,openmrs-module-hl7query
15,3,4,30,2024-03-22,henriqueslab,nanoj-core
15,4,0,3,2021-11-11,chinathingsboard,china_thingsboard
336,110,19,30,2024-06-04,peterosterlund2,droidfish
982,273,40,30,2022-12-14,zycgit,hasor
52,32,0,30,2019-07-11,mkjoerg,nifi-prometheus-reporter
556,116,95,30,2022-07-14,cfg4j,cfg4j
76,15,1,30,2023-11-19,doctoror,painlessmusicplayer
34,56,26,30,2022-01-20,spring-cloud,spring-cloud-stream-binder-jms
13,15,142,30,2023-01-19,krmassociatesinc,ehmp
49,23,0,30,2018-06-20,zeuschan,littlefreshweather
329,121,235,30,2018-10-01,codenvy,codenvy
23,14,17,30,2020-08-14,lenala,azure-gradle-plugins
3525,305,41,30,2019-12-06,nytimes,store
10,6,0,30,2012-01-11,bloatit,bloatit
19,11,9,30,2021-08-13,linksmart,nifi-opc-ua-bundles
8,4,4,30,2016-11-23,tmc-eclipse,tmc-eclipse
189,132,22,30,2023-12-16,cloudera,cm_ext
5,0,0,30,2016-08-04,royjacobs,lazybot
139,23,2,30,2024-08-13,b3dgs,lionengine
5426,816,31,30,2019-03-27,facebookarchive,rebound
25,31,10,30,2022-07-07,opentracing-contrib,java-web-servlet-filter
109,378,12,24,2022-11-16,baeldung,stackify
5,1,0,6,2022-06-02,ztiany,arcsoft_facetracking
5,4,0,8,2016-08-08,5waynewang,diamond
98,57,2,30,2023-01-31,zsoltk,gameoflife
14,6,79,30,2024-09-10,clarin-eric,vlo
11,21,14,30,2021-10-13,tsuoanttila,gridextensionpack
24,19,1,30,2017-07-06,unicon,cas-mfa
5,5,0,30,2018-05-10,zhaoshaoquan,platform
14,11,0,30,2018-11-29,tuozhaobing,csdndemo
11,15,1,30,2019-04-04,spring-projects,spring-social-tripit
340,111,61,30,2023-06-12,nokia,red
11,20,7,30,2023-04-18,apache,aries-jpa
7,10,1,30,2020-01-21,eclipse,rdf4j-tools
18,8,2,30,2015-01-09,kixeye,janus
5,10,1,30,2014-08-13,comcast,sirius-reference-app
9,9,0,30,2019-04-02,sokolovsky,otus-spring-framework-2018-06
8,0,4,30,2016-11-13,chaitanyanettem,searchforreddit
6,2,0,3,2019-11-21,ciprian-radu,rent-a-car
3738,311,36,30,2021-04-03,camerakit,blurkit-android
12,7,0,30,2017-07-30,tickerstorm,tickerstorm
17,4,156,30,2023-01-03,appitr,awesome-react-native-boilerplates
48,5,0,30,2016-04-02,konmik,satellite
5,8,3,30,2021-03-11,deviceconnect,deviceconnect-experiments
24,9,13,30,2022-12-16,secdec,astam-correlator
20,27,7,30,2021-01-26,damorimrg,practical_testing_book_demos
13,24,5,30,2019-05-07,bmfe,eros-nexus
1017,223,24,30,2022-12-16,neoremind,fluent-validator
53,24,11,30,2023-04-10,netflix,ocelli
5,4,8,30,2017-06-12,pileproject,drive
5,3,0,2,2014-08-29,dsapandora,simul_dsa
158,115,9,30,2018-12-11,apache,attic-stratos
54,10,0,11,2017-03-11,ragdroid,mockstar
19,6,1,30,2014-03-18,adelnizamutdinov,vibes
9,3,0,30,2020-09-21,opendaylight,vpnservice
11,7,10,30,2024-11-17,dumptruckman,pluginbase
1714,479,160,30,2023-08-15,mycatapache,mycat2
126,15,10,30,2015-06-07,juniversal,juniversal
13,5,9,30,2018-09-22,morimekta,providence
28,17,0,30,2017-07-07,kbastani,service-block-samples
153,93,0,30,2019-03-25,openrock,openam
101,8,1,30,2017-04-18,davityle,ngandroid
9,13,1,30,2020-07-28,kintone,java-sdk
12,4,1,30,2018-07-17,menny,bazel-leaf
73,23,0,30,2021-01-21,wensiqun,asmsupport
17,9,0,20,2019-04-17,picone,musicunionsearch
10,5,4,30,2022-12-21,szhem,camel-osgi
161,13,14,30,2023-06-15,kloiasoft,eventapis
12,6,0,30,2018-03-01,mmdsyl,blog-microservice
185,23,3,30,2024-04-10,coti-io,coti-node
16,5,0,30,2019-04-30,akageun,hello-bbs
1531,371,34,30,2025-01-13,wiztools,rest-client
9,5,1,30,2015-08-06,thecodinglive,hanbit-gradle-book-example
17,5,4,30,2023-12-06,automenta,spimedb
15,14,0,30,2020-11-04,tianshouzhi,dragon
5,7,0,30,2016-03-10,taverna,taverna-server
12,6,19,30,2014-04-29,tantalummobile,tantalum
43,14,5,30,2020-09-23,andviane,google-books-android-viewer
362,45,35,30,2020-06-07,opencypher,cypher-for-gremlin
22,15,0,12,2015-11-06,pulsario,pulsar-reporting-api
11,7,1,30,2020-10-13,meinicke,varexj
484,23,4,30,2021-11-12,nikitakozlov,pury
22,38,14,30,2022-10-04,fighting-one-piece,datamining-integration
11,14,14,30,2023-12-16,apache,incubator-sdap-mudrod
13,333,204,30,2025-01-13,confluentinc,kafka-connect-storage-cloud
134,114,14,30,2022-07-12,spring-projects,spring-integration-in-action
23,13,2,30,2021-05-03,openfeign,feign-opentracing
9,1,0,30,2016-05-21,pine,rxbindroid
5944,929,11,30,2025-01-03,auth0,java-jwt
173,66,60,30,2020-02-11,liveramp,hank
45,23,1,30,2024-12-10,netflix,runtime-health
222,57,54,30,2021-11-04,neueda,jetbrains-plugin-graph-database-support
8,3,1,30,2016-03-09,debop,debop4j
18,6,0,30,2017-02-15,workarounds,define
13,10,0,30,2019-06-27,fdio,hc2vpp
16,1,0,30,2016-02-03,larswerkman,boxer
30,0,0,30,2023-11-30,stoyicker,boats-xkcd
10,1,0,30,2019-10-05,itzsomebody,asm-fix
7,0,0,30,2017-12-08,idio,bliki
19,8,0,29,2017-01-08,drunlin,guokr-android
6,2,1,30,2017-02-10,simonpercic,bucket
18,1,0,6,2016-03-26,hugokallstrom,mvvmsampleapplication
42,7,1,30,2016-07-30,mast-group,tassal
302,23,7,30,2021-07-29,chemouna,decor
589,364,102,30,2022-04-23,zeromq,jzmq
12,5,0,4,2017-03-28,dstreev,nifi-processor-examples
83,49,22,30,2019-03-20,greenaddress,greenbits
4843,963,175,30,2024-12-01,cellularprivacy,android-imsi-catcher-detector
354,27,4,30,2017-12-05,tedaliez,parsingplayer
3785,660,136,30,2025-01-13,apollographql,apollo-android
220,80,34,30,2024-12-11,dynamicreports,dynamicreports
7641,1527,56,30,2023-09-06,vipshop,vjtools
19,15,7,30,2022-09-27,pilosa,java-pilosa
197,82,77,30,2022-05-18,sbprime,asyncworldedit
29,14,2,30,2023-03-01,oktadeveloper,okta-react-native-spring-boot-example
22,29,2,30,2019-01-19,lintool,tools
32,3,0,16,2014-12-24,gree,aurora
9,5,0,30,2019-01-18,huaweicloudsdk,huaweicloud-cs-sdk
21,12,2,30,2022-03-26,europeana,repox
839,384,0,30,2024-12-24,esig,dss
67,172,43,30,2023-03-28,axbaretto,kafka
154,81,51,30,2022-07-11,rhq-project,rhq
9,1,10,30,2024-03-11,thomas-bergmann,tournament
20,11,4,30,2022-04-28,kuguhome,openhab-binding-wmbus
86,27,1,30,2025-01-13,jri,deepamehta
7,2,1,7,2015-08-19,avianey,android-jersey-client
18,23,0,15,2017-06-20,enijkamp,supermonkey
2281,1109,310,30,2024-08-21,sarxos,webcam-capture
37,38,38,30,2025-01-10,openliberty,liberty-bikes
327,52,0,30,2014-12-20,jakewharton,gradle-android-test-plugin
9,1,0,30,2016-06-19,nilhcem,droidconde-2016
12,70,36,30,2020-10-12,hal,core
655,1249,5,5,2023-07-24,google-developer-training,android-fundamentals
42,15,100,30,2024-02-29,genemania,genemania
37,40,0,30,2019-10-20,mrsorrow,spring-framework
576,54,17,17,2020-05-22,linkedin,flashback
10,11,7,30,2021-01-15,sonarqubecommunity,sonar-jmeter
135,63,1,30,2024-04-29,adorsys,xs2a
14,10,0,30,2014-02-07,devproof,portal
908,173,163,30,2023-04-16,blazegraph,database
51,33,1,3,2012-09-28,hernad,easyrec
42,27,0,30,2024-04-15,pablopdomingos,nfse
15,12,1,30,2023-03-27,dma-enav,epd
1186,89,48,30,2020-11-30,f2prateek,dart
370,132,31,30,2022-02-08,matrix-org,matrix-android-sdk
84,1,57,30,2020-10-12,bitbrain,braingdx
32,23,128,30,2023-01-09,lightblue-platform,lightblue-core
4217,995,59,30,2024-07-27,burhanrashid52,photoeditor
225,707,735,30,2023-10-09,bareinhard,hacktoberfest-data-structure-and-algorithms
83,26,9,30,2022-03-08,harlber,moose
33,17,1,30,2018-08-29,stemlab,geotools-3d-extension
47,15,12,30,2024-10-18,cloudflare,cloudflare-access-for-atlassian
98,72,13,30,2020-09-18,sonatype-nexus-community,nexus-repository-helm
123,118,40,30,2020-10-12,uudashr,jsmpp
5,4,1,30,2017-08-09,auth0,lock-facebook.android
245,31,18,30,2025-01-10,rayokota,kcache
109,89,13,30,2017-09-27,hyperic,hq
8,7,0,2,2012-06-27,wuchubuzai,openimaj
72,33,7,30,2022-07-29,stevegan,neusoftcloudhospital
98,45,72,30,2023-10-02,ifsttar,noisecapture
23,8,0,30,2019-08-30,cmsgov,bluebutton-data-server
240,92,92,30,2025-01-13,awslabs,smithy-typescript
339,49,4,19,2023-10-11,ifttt,sparklemotion
34,14,3,30,2024-06-12,everest-engineering,lhotse
163,149,19,30,2023-12-04,apache,tomcat-maven-plugin
16,1,6,30,2024-11-01,chrlns,sonews
20,42,6,30,2017-09-29,ibm-cloud,talent-manager
165,67,17,30,2025-01-07,dropwizard-jobs,dropwizard-jobs
7,15,0,30,2018-03-02,vitaly-chibrikov,otus_java_2017_10
32,13,58,30,2024-06-12,knowsys,rulewerk
9,18,2,30,2020-10-13,desht,chesscraft
411,71,14,30,2019-03-26,ordina-jworks,microservices-dashboard
32222,3096,1183,30,2025-01-04,teamnewpipe,newpipe
57,34,27,30,2023-01-03,cliqz-oss,browser-android
5,5,0,7,2015-02-17,jloisel,reactive-couchbase
78,19,5,30,2014-02-17,chirino,hawtdb
5,66,2,30,2016-12-22,rainbowsh,softwaretestcourse
207,83,214,30,2024-11-11,jumpmind,metl
50,20,0,30,2018-06-01,campagnelaboratory,variationanalysis
52,8,0,30,2016-11-24,mplacona,selfie
150,39,68,30,2021-08-17,i2p,i2p.i2p-bote
25,2,8,30,2014-04-19,codeqinvest,codeq-invest
7,173,0,2,2015-10-13,boweite,streamcql
174,49,11,30,2024-09-25,rgielen,javafx-weaver
44,23,3,30,2023-12-05,alexvoronov,gcdc-asn1
1503,561,65,30,2025-01-13,awslabs,aws-serverless-java-container
167,35,11,30,2017-12-07,merapar,graphql-spring-boot-starter
708,140,61,30,2018-01-18,advantageous,qbit
143,14,8,30,2018-05-24,android10,frodo2
17,7,19,30,2015-10-27,timomeinen,team-piazza
34,11,0,23,2020-10-12,rbi,trading4j
16,6,42,30,2017-02-28,meridor,perspective-backend
143,491,10,26,2021-10-25,udacity,jdnd
33,14,6,25,2017-02-05,lespinsideg,simplepanorama
87,11,0,0,2019-09-29,fondesa,lyra
0,0,0,0,N/A,julienledem,redelm
0,0,0,0,N/A,verygoodsecurity,vgs-proxy-spring
0,0,0,0,N/A,chanedi,quickproject
0,0,0,0,N/A,xjdr,xio
0,0,0,0,N/A,droidefense,engine
0,0,0,0,N/A,tuenti,buttonmenu
0,0,0,0,N/A,yrcourage,netty
0,0,0,0,N/A,wadpam,guja
0,0,0,0,N/A,qa82,analyzer
0,0,0,0,N/A,dianping,pigeon
0,0,0,0,N/A,devskiller,friendly-id
0,0,0,0,N/A,infolis,infolink
0,0,0,0,N/A,facebook,stetho
0,0,0,0,N/A,beckhoho,drawlottery
0,0,0,0,N/A,ios-driver,ios-driver
0,0,0,0,N/A,vecnatechnologies,dbdiff
0,0,0,0,N/A,ggj2010,javabase
0,0,0,0,N/A,chandevel,clover
0,0,0,0,N/A,seantater,uncc2014watsonsim
0,0,0,0,N/A,pentaho,pentaho-aggdesigner
0,0,0,0,N/A,jd-wangyin,ak47
0,0,0,0,N/A,sreejesh79,android-socket.io-demo
0,0,0,0,N/A,sonarsource,sonar-scanner-api
0,0,0,0,N/A,jbonofre,karaf-vineyard
0,0,0,0,N/A,graphik-team,graal
0,0,0,0,N/A,kazssym,bitbucket-api-client.java
0,0,0,0,N/A,qufei1993,springboot-course
0,0,0,0,N/A,xetys,jhipster-ribbon-hystrix
0,0,0,0,N/A,zowe,api-layer
0,0,0,0,N/A,devstreet,financeanalytics
0,0,0,0,N/A,project-hop,hop
0,0,0,0,N/A,saseke,poseidon
0,0,0,0,N/A,agoncal,agoncal-fascicle-jpa
0,0,0,0,N/A,fengjiachun,jupiter
0,0,0,0,N/A,qi4j,qi4j-libraries
0,0,0,0,N/A,blackarbiter,android_code_arbiter
0,0,0,0,N/A,toutantic,featureflags
0,0,0,0,N/A,termux,termux-app
0,0,0,0,N/A,wires,degraphmalizer
0,0,0,0,N/A,uw-madison-doit,nexus-rut-auth-plugin
0,0,0,0,N/A,netxms,netxms
0,0,0,0,N/A,robo4j,robo4j
0,0,0,0,N/A,ysc,htmlextractor
0,0,0,0,N/A,opendaylight,aaa
0,0,0,0,N/A,craftingjava,craftingjava-examples
0,0,0,0,N/A,wso2-attic,commons
0,0,0,0,N/A,jonatantierno,scrumdailytimer
0,0,0,0,N/A,janotav,ali-idea-plugin
0,0,0,0,N/A,openconnectors,nifi-pulsar-bundle
0,0,0,0,N/A,cloudera,cm_api
0,0,0,0,N/A,bcdev,coastcolour
0,0,0,0,N/A,flipkart-incubator,okhttp-stats
0,0,0,0,N/A,yeungeek,android-platform-tools-base
0,0,0,0,N/A,xiaolongzuo,niubi-job
0,0,0,0,N/A,bjornharvold,bearchoke
0,0,0,0,N/A,packtpublishing,spring-mvc-beginners-guide-second-edition
0,0,0,0,N/A,nilhcem,bblfr-android
0,0,0,0,N/A,jembi,openxds
0,0,0,0,N/A,emorynlp,nlp4j
0,0,0,0,N/A,revelytix,spark
0,0,0,0,N/A,thinkaurelius,titan
0,0,0,0,N/A,vpaliy,xyzreader
0,0,0,0,N/A,camunda,camunda-bpm-camel
0,0,0,0,N/A,eclipse,che
0,0,0,0,N/A,nativelibs4java,javacl
0,0,0,0,N/A,jamesfalkner,rhoar-examples
0,0,0,0,N/A,quangctkm9207,mvp-android-arch-component
0,0,0,0,N/A,neoremind,navi
0,0,0,0,N/A,spring-projects,eclipse-integration-gradle
0,0,0,0,N/A,borball,weixin-sdk
0,0,0,0,N/A,penberg,falcon
0,0,0,0,N/A,oauth-apis,apis
0,0,0,0,N/A,elasticjob,elastic-job-lite
0,0,0,0,N/A,unquietcode,jcodemodel
0,0,0,0,N/A,pivotal-cf,pcf-metrics-trace-example-spring
0,0,0,0,N/A,sflpro,notifier
0,0,0,0,N/A,igor-baiborodine,java-various-examples
0,0,0,0,N/A,android10,frodo
0,0,0,0,N/A,peter-lawrey,hugecollections-old
0,0,0,0,N/A,adamcin,httpsig-java
0,0,0,0,N/A,ot4i,splunk-log-connector
0,0,0,0,N/A,atomix,copycat
0,0,0,0,N/A,xiaomi,chronos
0,0,0,0,N/A,woshiliyuan,li-tcc
0,0,0,0,N/A,soosterwaal,operias
0,0,0,0,N/A,luqmanahmad,ignite-plugins
0,0,0,0,N/A,androidsdksources,android-sdk-sources-for-api-level-27
0,0,0,0,N/A,danfickle,openhtmltopdf
0,0,0,0,N/A,appfuse,appfuse-demos
0,0,0,0,N/A,caelum,vraptor4
0,0,0,0,N/A,spartalab,wrap
0,0,0,0,N/A,openehr,adl2-core
0,0,0,0,N/A,spark3dp,spark-android-sdk
0,0,0,0,N/A,wlodekkr,chain-of-responsibility
0,0,0,0,N/A,acogoluegnes,spring-batch-in-action
0,0,0,0,N/A,lx8421bcd,quickdevframework
0,0,0,0,N/A,sonarsource,slang
0,0,0,0,N/A,hburgmeier,jerseyoauth2
0,0,0,0,N/A,distkv-project,distkv
0,0,0,0,N/A,phillip-kruger,jello
0,0,0,0,N/A,abhishek-ch,awesome_algorithm
0,0,0,0,N/A,anuragphadke,flume-hive
0,0,0,0,N/A,ibm,crypto-masterkey-keystore
0,0,0,0,N/A,sjcdigital,repasse-server
0,0,0,0,N/A,jpomykala,javagram-bot
0,0,0,0,N/A,ilikeorangutans,omf
0,0,0,0,N/A,stuckless,phoenix-app-ng
0,0,0,0,N/A,hadoop002,smart-retry
0,0,0,0,N/A,jakemannix,mahout
0,0,0,0,N/A,pamarin-tech,commons
0,0,0,0,N/A,apress,spring-5-recipes
0,0,0,0,N/A,ripe-ncc,hadoop-pcap
0,0,0,0,N/A,ozguryazilimas,tekir4
0,0,0,0,N/A,kawasima,enkan
0,0,0,0,N/A,shixinzhang,learnandroid
0,0,0,0,N/A,ctc-g,sinavi-jfw
0,0,0,0,N/A,pushtorefresh,storio
0,0,0,0,N/A,blackpeppersoftware,bowman
0,0,0,0,N/A,robovm,robovm
0,0,0,0,N/A,darliner,vjtools
0,0,0,0,N/A,haifengl,smile
0,0,0,0,N/A,qualinsight,qualinsight-plugins-sonarqube-smell
0,0,0,0,N/A,spring-projects,spring-sync
0,0,0,0,N/A,apache,phoenix-tephra
0,0,0,0,N/A,gsuitedevs,java-samples
0,0,0,0,N/A,akka-ja,akka-doc-ja
0,0,0,0,N/A,minijax,minijax
0,0,0,0,N/A,jersey,jersey-1.x-old
0,0,0,0,N/A,rtyley,android-screenshot-lib
0,0,0,0,N/A,huhuiyu,teachprojects
0,0,0,0,N/A,jiangxinlingdu,rocketmq-all-4.1.0-incubating
0,0,0,0,N/A,opennms,opennms-provisioning-integration-server
0,0,0,0,N/A,nexmo,comms-router
0,0,0,0,N/A,alt236,resource-mirror---android
0,0,0,0,N/A,pegasyseng,artemis
0,0,0,0,N/A,pixnet,android-platform-tools-base
0,0,0,0,N/A,chikecodes,debt-manager
0,0,0,0,N/A,redpill-linpro,alfresco-libreoffice-online-edit
0,0,0,0,N/A,nasaworldwind,worldwindandroid
0,0,0,0,N/A,getbridge,bridge-java
0,0,0,0,N/A,tbrooks8,precipice
0,0,0,0,N/A,avast,bytecompressor
0,0,0,0,N/A,aruberto,business-time
0,0,0,0,N/A,wildfly-swarm-archive,archive-wildfly-swarm
0,0,0,0,N/A,mindwind,craft-atom
0,0,0,0,N/A,vhiribarren,beacon-simulator-android
0,0,0,0,N/A,cyverse-archive,de
0,0,0,0,N/A,opensecuritycontroller,osc-core
0,0,0,0,N/A,forgerock,openam-community-edition
0,0,0,0,N/A,gexyu,quick-cli-java
0,0,0,0,N/A,cryptomator,cryptomator
0,0,0,0,N/A,xiancloud,xian
0,0,0,0,N/A,yahooarchive,gondola
0,0,0,0,N/A,apache,karaf-boot
0,0,0,0,N/A,stephentuso,welcome-android
0,0,0,0,N/A,digidotcom,xbee-java
0,0,0,0,N/A,cdvcz,datex2
0,0,0,0,N/A,symphonytool,symphony
0,0,0,0,N/A,dhis2,dhis2-utils
0,0,0,0,N/A,svenslaggare,elevatorsimulator
0,0,0,0,N/A,xyzworks,elmsparent
0,0,0,0,N/A,lucidworks,hadoop-solr
0,0,0,0,N/A,liveramparchive,megadesk
0,0,0,0,N/A,joelittlejohn,jsonschema2pojo
0,0,0,0,N/A,ketao1989,cnspring
0,0,0,0,N/A,label305,asynctask-android
0,0,0,0,N/A,srchip15,tour-guide-app
0,0,0,0,N/A,dcm4che,dcm4che
0,0,0,0,N/A,ssaring,sportstracker
0,0,0,0,N/A,apache,eagle
0,0,0,0,N/A,openunirest,unirest-java
0,0,0,0,N/A,akubra,akubra
0,0,0,0,N/A,androidannotations,androidannotations
0,0,0,0,N/A,apache,metron
0,0,0,0,N/A,atlantbh,nutch-plugins
0,0,0,0,N/A,iut-cse,ookata
0,0,0,0,N/A,gerrit-review,gerrit
0,0,0,0,N/A,little-pinecone,jwt-spring-boot-angular-scaffolding
0,0,0,0,N/A,openscoring,openscoring
0,0,0,0,N/A,alfresco,gytheio
0,0,0,0,N/A,glazedlists,glazedlists
0,0,0,0,N/A,rxin,jvm-unsafe-utils
0,0,0,0,N/A,dius,pact-workshop-jvm
0,0,0,0,N/A,alf239,wro4j-tag
0,0,0,0,N/A,simonpercic,collectionhelper
0,0,0,0,N/A,mrdon,speakeasy-plugin
0,0,0,0,N/A,xiaotutiger,miyue-music-service
0,0,0,0,N/A,tinkoffcreditsystems,eclair
0,0,0,0,N/A,melin,super-diamond
0,0,0,0,N/A,dia-nz,webcurator
0,0,0,0,N/A,sfuhrm,radiobrowser4j
0,0,0,0,N/A,redhat-italy,hacep
0,0,0,0,N/A,codethereforam,rent-x
0,0,0,0,N/A,apache,incubator-tubemq
0,0,0,0,N/A,tomaszpolanski,options
0,0,0,0,N/A,cocolian,cocolian-data
0,0,0,0,N/A,evant,redux
0,0,0,0,N/A,guardianproject,informacore
0,0,0,0,N/A,jtalks-org,jcommune
0,0,0,0,N/A,fraunhoferiosb,frost-server
0,0,0,0,N/A,synchronoss,nio-multipart
0,0,0,0,N/A,zacharyfox,rmonitorleaderboard
0,0,0,0,N/A,kaiwaehner,ksql-fork-with-deep-learning-function
0,0,0,0,N/A,asad,smsd
0,0,0,0,N/A,gamemodsbr,minecity
0,0,0,0,N/A,jbehave,jbehave-web
0,0,0,0,N/A,smallyunet,jeecg-boot-with-activiti
0,0,0,0,N/A,afimb,chouette
0,0,0,0,N/A,dempsy,dempsy-examples
0,0,0,0,N/A,pierfrancescosoffritti,googleweboauth
0,0,0,0,N/A,hotelsdotcom,waggle-dance
0,0,0,0,N/A,mohamed-taman,tdd
0,0,0,0,N/A,sixro,incubateur
0,0,0,0,N/A,jakewharton,butterknife
0,0,0,0,N/A,dayatang,dddlib
0,0,0,0,N/A,refineriaweb,base_app_android
0,0,0,0,N/A,tanqimin,myfavsorm
0,0,0,0,N/A,mrbw,resilient-transport-service
0,0,0,0,N/A,teamnewpipe,newpipe-legacy
0,0,0,0,N/A,javabeanz,owasp-security-logging
0,0,0,0,N/A,restcomm,smscgateway
0,0,0,0,N/A,cloudstore,cloudstore
0,0,0,0,N/A,lambda-3,indra
0,0,0,0,N/A,norkator,cryptography
0,0,0,0,N/A,tyndale,step
0,0,0,0,N/A,52north,eventing-rest-api
0,0,0,0,N/A,nabucco,org.nabucco.framework.mda
0,0,0,0,N/A,ito-org,react-native-ito
0,0,0,0,N/A,zawadz88,material-activity-chooser
0,0,0,0,N/A,vaadin,archetype-application-example
0,0,0,0,N/A,agoncal,baking-microservice-pie
0,0,0,0,N/A,softwaremill,softwaremill-common
0,0,0,0,N/A,lj128,rocketmq-master-analyze
0,0,0,0,N/A,neo4j-contrib,neo4j-mazerunner
0,0,0,0,N/A,square,tape
0,0,0,0,N/A,asnowfix,android_dalvik
0,0,0,0,N/A,cucumber,cucumber
0,0,0,0,N/A,sigmoidanalytics,spork
0,0,0,0,N/A,eobermuhlner,jshell-scriptengine
0,0,0,0,N/A,spring-projects,spring-data-geode
0,0,0,0,N/A,kobakei,anago
0,0,0,0,N/A,linkedin,brooklin
0,0,0,0,N/A,ppdaicorp,pmq
0,0,0,0,N/A,ithuhui,hui-bigdata-spark
0,0,0,0,N/A,i18next,i18next-android
0,0,0,0,N/A,richpl,merkletree
0,0,0,0,N/A,zcourts,higgs
0,0,0,0,N/A,raatiniemi,sonar-objective-c
0,0,0,0,N/A,mzdu,adsearch_endpoints
0,0,0,0,N/A,caelum,restfulie-java
0,0,0,0,N/A,brettwooldridge,bitronix-hp
0,0,0,0,N/A,lincentma,social-network-analysis-system
0,0,0,0,N/A,gravitee-io,gravitee-management-rest-api
0,0,0,0,N/A,gluster,glusterfs-java-filesystem
0,0,0,0,N/A,wolf480pl,phpass
0,0,0,0,N/A,jonstewart,sleuthkit-hadoop
0,0,0,0,N/A,qwert2603,vk-auto-message
0,0,0,0,N/A,eclipse,vorto
0,0,0,0,N/A,sdnwiselab,sdn-wise-java
0,0,0,0,N/A,ming1016,study
0,0,0,0,N/A,intranda,goobi-viewer-core
0,0,0,0,N/A,googlesamples,easypermissions
0,0,0,0,N/A,chiralbehaviors,jackal
0,0,0,0,N/A,msdk,msdk
0,0,0,0,N/A,yichat,im_server_yichat
0,0,0,0,N/A,kynosarges,tektosyne
0,0,0,0,N/A,thiaguten,rx-mqtt
0,0,0,0,N/A,gocd-contrib,gocd-oauth-login
0,0,0,0,N/A,inbloom,java-sdk
0,0,0,0,N/A,collectivemedia,celos
0,0,0,0,N/A,sdl,odata
0,0,0,0,N/A,vento,rest-api
0,0,0,0,N/A,neo4j,cypher-shell
0,0,0,0,N/A,tfiskgul,mux2fs
0,0,0,0,N/A,geosolutions-it,mapsforge
0,0,0,0,N/A,kiegroup,droolsjbpm-integration
0,0,0,0,N/A,jboss-switchyard,core
0,0,0,0,N/A,shardingsphere-workshop,workshop20200415
0,0,0,0,N/A,stmicroelectronics,stsensnet_android
0,0,0,0,N/A,philipphenkel,ttorrent-android-service
0,0,0,0,N/A,integram,cleverbus
0,0,0,0,N/A,coding-jam,codingjamandroidapp
0,0,0,0,N/A,affo,ingsoft-project
0,0,0,0,N/A,apache,incubator-retired-gossip
0,0,0,0,N/A,apivideo,android-sdk
0,0,0,0,N/A,thorntail,thorntail-poc
0,0,0,0,N/A,cdorrat,geva-clj
0,0,0,0,N/A,ccheneau,holmes
0,0,0,0,N/A,cncdulee,async-event
0,0,0,0,N/A,leonardoxh,livedata-call-adapter
0,0,0,0,N/A,spotify,helios
0,0,0,0,N/A,hotelsdotcom,heat
0,0,0,0,N/A,huawei-hadoop,hindex
0,0,0,0,N/A,alibaba,spring-cloud-alibaba
0,0,0,0,N/A,bbaumgartner,jtoggl
0,0,0,0,N/A,mcgray,todoshare
0,0,0,0,N/A,hawkular,hawkular-datamining
0,0,0,0,N/A,esig,dss-demonstrations
0,0,0,0,N/A,weexteam,hackernews-app-powered-by-apache-weex
0,0,0,0,N/A,richfaces4,core
0,0,0,0,N/A,pfnet-research,menoh-java
0,0,0,0,N/A,continuous-delivery-in-java,extended-java-shop
0,0,0,0,N/A,openpythia,openpythia
0,0,0,0,N/A,benas,jql
0,0,0,0,N/A,readlearncode,json-framework-comparison
0,0,0,0,N/A,lxiong,weixin-java-tools
0,0,0,0,N/A,mariotaku,sqliteqb
0,0,0,0,N/A,bignerdranch,linette
0,0,0,0,N/A,brettporter,centrepoint
0,0,0,0,N/A,wongcain,okuki
0,0,0,0,N/A,cloudera,crunch
0,0,0,0,N/A,deephacks,logbuffers
0,0,0,0,N/A,anhalytics,anhalytics-core
0,0,0,0,N/A,heremaps,here-workspace-examples-java-scala
0,0,0,0,N/A,liimaorg,liima
0,0,0,0,N/A,passsy,compositeandroid
0,0,0,0,N/A,krtek,birthday-widget
0,0,0,0,N/A,ebay,webrex
0,0,0,0,N/A,talend,tbd-studio-se
0,0,0,0,N/A,status-im,ethereumj-personal
0,0,0,0,N/A,fencyio,fency
0,0,0,0,N/A,raarunmozhi,bigdatatemplate
0,0,0,0,N/A,querydsl,querydsl-contrib
0,0,0,0,N/A,itisaid,doris
0,0,0,0,N/A,dpreussler,clean-simple-calendar
0,0,0,0,N/A,webdetails,cpk
0,0,0,0,N/A,actorapp,actor-platform
0,0,0,0,N/A,vveird,streamdeckcore
0,0,0,0,N/A,barchart,barchart-http
0,0,0,0,N/A,horovits,rt-analytics
0,0,0,0,N/A,eventuate-clients,eventuate-client-java
0,0,0,0,N/A,ernestming,javadesignpartternimpl
0,0,0,0,N/A,bhdrkn,java-examples
0,0,0,0,N/A,kuangye098,rocketmq
0,0,0,0,N/A,thomas-young-2013,wherehows-extension
0,0,0,0,N/A,telefonicaid,perseo-core
0,0,0,0,N/A,m1key,audiolicious
0,0,0,0,N/A,jolice,minecraftnetwork
0,0,0,0,N/A,zhangyd-c,oneblog
0,0,0,0,N/A,fengdai,clickguard
0,0,0,0,N/A,joyent,java-http-signature
0,0,0,0,N/A,alexey1gavrilov,expectit
0,0,0,0,N/A,project-sunbird,sunbird-learning-platform
0,0,0,0,N/A,juztoss,rhythmo
0,0,0,0,N/A,cinnober,msgcodec
0,0,0,0,N/A,opencredo,opencredo-cloud-storage
0,0,0,0,N/A,talend,data-quality
0,0,0,0,N/A,sproutsocial,instrumentor
0,0,0,0,N/A,canoo,dolphin-platform
0,0,0,0,N/A,bcdev,beam
0,0,0,0,N/A,octahedronbr,cotopaxi-extensions
0,0,0,0,N/A,iooifun,spring
0,0,0,0,N/A,stardog-union,stardog-spring
0,0,0,0,N/A,apache,distributedlog
0,0,0,0,N/A,8802,8802_ftc_app
0,0,0,0,N/A,threerings,vilya
0,0,0,0,N/A,sonarsource,sonar-scanner-jenkins
0,0,0,0,N/A,spoutdev,spout
0,0,0,0,N/A,rbgkew,reconciliation-and-matching-framework
0,0,0,0,N/A,realityforge,gwt-contacts
0,0,0,0,N/A,savara,savara-core
0,0,0,0,N/A,kpavlov,fixio
0,0,0,0,N/A,framiere,a-kafka-story
0,0,0,0,N/A,qupath,qupath
0,0,0,0,N/A,didi,ddmq
0,0,0,0,N/A,ciberado,domina-ci
0,0,0,0,N/A,allure-framework,allure1
0,0,0,0,N/A,comunes,kune
0,0,0,0,N/A,kostyasha,yet-another-docker-plugin
0,0,0,0,N/A,raxa,raxacore
0,0,0,0,N/A,apache,attic-polygene-java
0,0,0,0,N/A,lky1001,eospocket
0,0,0,0,N/A,fixtradingcommunity,silverflash
0,0,0,0,N/A,fabito,dropwizard-stackdriver
0,0,0,0,N/A,willemjiang,acmeair
0,0,0,0,N/A,stealthcopter,androidnetworktools
0,0,0,0,N/A,wyh-spring-ecosystem-student,spring-boot-student
0,0,0,0,N/A,oldratlee,classloader-playground
0,0,0,0,N/A,checkstyle-addons,checkstyle-addons
0,0,0,0,N/A,blademainer,common_utils
0,0,0,0,N/A,viadeo,kasper-framework
0,0,0,0,N/A,wirecard,sap-commerce-ee
0,0,0,0,N/A,ctripcorp,vi
0,0,0,0,N/A,mctcp,terraincontrol
0,0,0,0,N/A,featureide,featureide
0,0,0,0,N/A,hassan-khan,itus
0,0,0,0,N/A,strapdata,elasticsearch-hadoop
0,0,0,0,N/A,grundid,nfctools
0,0,0,0,N/A,herry-zhang,spring-boot-api-project
0,0,0,0,N/A,osgi,osgi.enroute
0,0,0,0,N/A,fp7-netide,engine
0,0,0,0,N/A,mbari-media-management,vars-annotation
0,0,0,0,N/A,bhits,document-validator
0,0,0,0,N/A,restcomm,restcomm-connect
0,0,0,0,N/A,yncxcw,big-c
0,0,0,0,N/A,qi4j,qi4j-sdk
0,0,0,0,N/A,cjbi,wetech-cms
0,0,0,0,N/A,impetus,jumbune
0,0,0,0,N/A,apache,kylin
0,0,0,0,N/A,divloic,ccloud-registry-action
0,0,0,0,N/A,torodb,engine
0,0,0,0,N/A,androidsdksources,android-sdk-sources-for-api-level-25
0,0,0,0,N/A,elasticjob,elastic-job-cloud
0,0,0,0,N/A,ffgiraldez,migratron
0,0,0,0,N/A,threerings,tripleplay
0,0,0,0,N/A,griddynamics,jagger
0,0,0,0,N/A,eclipse,rdf4j-storage
0,0,0,0,N/A,gsuitedevs,cloud-search-samples
0,0,0,0,N/A,lihongtai,multi-layering-cache
0,0,0,0,N/A,pentaho,modeler
0,0,0,0,N/A,dice-group,palmetto
0,0,0,0,N/A,anthonydahanne,regalandroid
0,0,0,0,N/A,ritwiksaikia,jsonrpc
0,0,0,0,N/A,horizon-institute,artcodes-android
0,0,0,0,N/A,everteam-software,security
0,0,0,0,N/A,ldp4j,ldp4j
0,0,0,0,N/A,srnsw,xena
0,0,0,0,N/A,dice-group,factcheck
0,0,0,0,N/A,chrynan,android-guitar-tuner
0,0,0,0,N/A,milliondreams,moquette-mqtt
0,0,0,0,N/A,abhijitparida,bunk
0,0,0,0,N/A,ravidsrk,android-testing-guide
0,0,0,0,N/A,dsrcorporation,imf-conversion
0,0,0,0,N/A,googleads,keyword-optimizer
0,0,0,0,N/A,ebserhaghu,aghu-sistema
0,0,0,0,N/A,mysterionrise,information-retrieval-adventure
0,0,0,0,N/A,dain,leveldb
0,0,0,0,N/A,microsoft,applicationinsights-java
0,0,0,0,N/A,orange-cloudfoundry,spring-cloud-s3-connectors
0,0,0,0,N/A,dozermapper,dozer
0,0,0,0,N/A,yaogdu,datax
0,0,0,0,N/A,dhis2,dhis2-fhir-adapter
0,0,0,0,N/A,gardncl,elements-of-programming-interviews
0,0,0,0,N/A,lx0758,android-librarys
0,0,0,0,N/A,vert-x3,vertx-stack
0,0,0,0,N/A,spring-cloud-services-samples,traveler
0,0,0,0,N/A,lmcgrath,scotch-lang
0,0,0,0,N/A,ebay,eagle
0,0,0,0,N/A,adambien,javaee-bce-pom
0,0,0,0,N/A,bleemliu,farpc
0,0,0,0,N/A,v-ladynev,fluent-hibernate
0,0,0,0,N/A,jclouds,jclouds
0,0,0,0,N/A,stephenc,java-iso-tools
0,0,0,0,N/A,paypal,resteasy-spring-boot
0,0,0,0,N/A,airbnb,reair
0,0,0,0,N/A,guppy4j,libraries
0,0,0,0,N/A,techempower,gemini
0,0,0,0,N/A,opentracing-contrib,java-elasticsearch-client
0,0,0,0,N/A,serso,android-messengerpp
0,0,0,0,N/A,confluentinc,kafka-connect-storage-common
0,0,0,0,N/A,chiralbehaviors,voronoi-3d
0,0,0,0,N/A,yamj,yamj-v2
0,0,0,0,N/A,microsoft,appcenter-sdk-android
0,0,0,0,N/A,lmco,eurekastreams
0,0,0,0,N/A,davidmigloz,go-bees
0,0,0,0,N/A,sccapstone,robotca
0,0,0,0,N/A,torakiki,pdfsam
0,0,0,0,N/A,samtools,htsjdk-next-beta
0,0,0,0,N/A,platonnetwork,platon-java
0,0,0,0,N/A,jpos,jpos
0,0,0,0,N/A,czy1024,luna-commons
0,0,0,0,N/A,e-commerce-sample,ecommerce-inventory-service
0,0,0,0,N/A,rdelbru,siren
0,0,0,0,N/A,relaxng,jing-trang
0,0,0,0,N/A,rubante,moquette
0,0,0,0,N/A,redfin,fuzzy
0,0,0,0,N/A,siemens,jminizinc
0,0,0,0,N/A,ngageoint,opensphere-desktop
0,0,0,0,N/A,woorea,openstack-java-sdk
0,0,0,0,N/A,shagwood,micro-genie
0,0,0,0,N/A,jdahlstrom,vaadin.react
0,0,0,0,N/A,lastrix,asn1s
0,0,0,0,N/A,careerbuilder,statistical-phrase-identifier
0,0,0,0,N/A,jeffheaton,aifh
0,0,0,0,N/A,joyrpc,joyrpc
0,0,0,0,N/A,highsource,maven-jaxb2-plugin
0,0,0,0,N/A,apache,tajo
0,0,0,0,N/A,kengotoda,guava-helper-for-java-8
0,0,0,0,N/A,hector-client,hector
0,0,0,0,N/A,schinizer,rxunfurl
0,0,0,0,N/A,fangdd-open,duo-graphql
0,0,0,0,N/A,imrenagi,microservice-skeleton
0,0,0,0,N/A,pm-master,harmonia-1.6
0,0,0,0,N/A,ezhome,android-rxpresenter
0,0,0,0,N/A,biocaddie,foundry-es
0,0,0,0,N/A,gaul,modernizer-maven-plugin
0,0,0,0,N/A,bluebrain,bluima
0,0,0,0,N/A,iusofts,blades
0,0,0,0,N/A,dandelion,dandelion-datatables
0,0,0,0,N/A,jcabi,jcabi-maven-plugin
0,0,0,0,N/A,droidsonroids,starwarsrosieexample
0,0,0,0,N/A,exoplatform,social
0,0,0,0,N/A,elimu-ai,ml-authentication
0,0,0,0,N/A,beworker,magnet
0,0,0,0,N/A,rpgtoolkit,editor
0,0,0,0,N/A,aptoide,aptoide-client-v8
0,0,0,0,N/A,restful-api-description-language,radl
0,0,0,0,N/A,yandex,yoctodb
0,0,0,0,N/A,shroffk,phoebus
0,0,0,0,N/A,hantsy,helidon-sample
0,0,0,0,N/A,my2iu,domjnate
0,0,0,0,N/A,codenvy-legacy,che-core
0,0,0,0,N/A,actoron,jadex
0,0,0,0,N/A,thuryn,your-local-weather
0,0,0,0,N/A,kuros,random-jpa
0,0,0,0,N/A,apache,metamodel
0,0,0,0,N/A,scobal,seyren
0,0,0,0,N/A,dempsy,dempsy
0,0,0,0,N/A,apache,brooklyn-library
0,0,0,0,N/A,redhat-developer-demos,faas-tutorial
0,0,0,0,N/A,kbastani,javaone-2016
0,0,0,0,N/A,att,resiliency-studio
0,0,0,0,N/A,200puls,darksky-forecast-api
0,0,0,0,N/A,badoo,chateau
0,0,0,0,N/A,jellyfin,jellyfin-androidtv
0,0,0,0,N/A,ebayopensource,turmeric-security
0,0,0,0,N/A,mwitkow,java-flagz
0,0,0,0,N/A,songxinjianqwe,springbootcentralizedskeleton
0,0,0,0,N/A,tehmaze,confidentiality
0,0,0,0,N/A,pzinsta,pizzeria
0,0,0,0,N/A,fxmisc,richtextfx
0,0,0,0,N/A,apache,attic-rave
0,0,0,0,N/A,luchsh,bridgedcheap
0,0,0,0,N/A,apache,incubator-retired-blur
0,0,0,0,N/A,rodolfodpk,myeslib
0,0,0,0,N/A,matthewmccullough,encryption-jvm-bootcamp
0,0,0,0,N/A,dmatej,glassfish
0,0,0,0,N/A,savoirfairelinux,ring-client-android
0,0,0,0,N/A,openlmis,open-lmis
0,0,0,0,N/A,egovernments,egov-services
0,0,0,0,N/A,unige-pinfo-2019,pinfo1
0,0,0,0,N/A,scienjus,spring-cloud-etcd
0,0,0,0,N/A,remoting,dubbox
0,0,0,0,N/A,ankor-io,ankor-framework
0,0,0,0,N/A,spring-framework-guru,sfg-blog-posts
0,0,0,0,N/A,cerner,jwala
0,0,0,0,N/A,yngui,jephyr
0,0,0,0,N/A,neo4j-contrib,neo4j-jfr
0,0,0,0,N/A,chelseyful,sudo-ku
0,0,0,0,N/A,weibanggang,graduationproject-
0,0,0,0,N/A,aseovic,coherence-tools
0,0,0,0,N/A,rkapsi,ardverk-dht
0,0,0,0,N/A,ffissore,jrecordbind
0,0,0,0,N/A,armueller,fluxyandroidtodo
0,0,0,0,N/A,monticore,monticore
0,0,0,0,N/A,sogilis,sonarqube-for-android-example
0,0,0,0,N/A,modum-io,tokenapp-backend
0,0,0,0,N/A,smartdataanalytics,dl-learner
0,0,0,0,N/A,arquillian,arquillian-cube-q
0,0,0,0,N/A,ebean-orm-examples,avaje-ebeanorm-examples
0,0,0,0,N/A,ebay,yidb
0,0,0,0,N/A,rickding,hellojava
0,0,0,0,N/A,zielu,gittoolbox
0,0,0,0,N/A,liuling07,simplenews
0,0,0,0,N/A,olinux,twice
0,0,0,0,N/A,kevinten10,ware-tim
0,0,0,0,N/A,protyposis,mediaplayer-extended
0,0,0,0,N/A,emilybache,validateandaddproduct-refactoring-kata
0,0,0,0,N/A,photobucket,solbase-solr
0,0,0,0,N/A,tulskiy,musique
0,0,0,0,N/A,maxant,genericconnector
0,0,0,0,N/A,bylee5,calcite-elasticsearch
0,0,0,0,N/A,ibm,java-async-util
0,0,0,0,N/A,leege100,java8-the-missing-tutorial-zh
0,0,0,0,N/A,ericedens,urllib
0,0,0,0,N/A,doublesmile,dubbo-learning
0,0,0,0,N/A,abhigit-hub,base-mvp
0,0,0,0,N/A,hamcrest,javahamcrest
0,0,0,0,N/A,sakserv,hadoop-mini-clusters
0,0,0,0,N/A,mashin-io,oep
0,0,0,0,N/A,heisedebaise,tephra
0,0,0,0,N/A,itspriyesh,fontster
0,0,0,0,N/A,swordmaster2k,rpgwizard
0,0,0,0,N/A,chaokunyang,microservices-event-sourcing
0,0,0,0,N/A,modeshape,modeshape-examples
0,0,0,0,N/A,paninij,paninij
0,0,0,0,N/A,spring-projects,spring-mobile
0,0,0,0,N/A,alibaba,pelicandt
0,0,0,0,N/A,opentracing-contrib,java-metrics
0,0,0,0,N/A,52north,sos-importer
0,0,0,0,N/A,phax,ph-bdve
0,0,0,0,N/A,snuspl,mist
0,0,0,0,N/A,google,java-monitoring-client-library
0,0,0,0,N/A,banq,articles
0,0,0,0,N/A,polarsys,eplmp
0,0,0,0,N/A,nciaravola,ponysdk
0,0,0,0,N/A,beangle,beangle3
0,0,0,0,N/A,multibit-legacy,multibit-hd
0,0,0,0,N/A,testing-av,testing-video
0,0,0,0,N/A,jerkar,jeka
0,0,0,0,N/A,jimdowling,nat-traverser
0,0,0,0,N/A,hazelcast,hazelcast-hibernate5
0,0,0,0,N/A,open-intelligence,qizhi
0,0,0,0,N/A,smartdataanalytics,jena-sparql-api
0,0,0,0,N/A,mapbox,mapbox-assistant-example
0,0,0,0,N/A,guxingke,mini-jvm
0,0,0,0,N/A,yopeio,payment-api
0,0,0,0,N/A,mannd,epmobile
0,0,0,0,N/A,spongepowered,spongedocs
0,0,0,0,N/A,texttechnologylab,textimager-uima
0,0,0,0,N/A,awronski,allegro-nice-api
0,0,0,0,N/A,axelua95,paytomat-crypto
0,0,0,0,N/A,ebay,jsonex
0,0,0,0,N/A,gdgand,android-rxjava
0,0,0,0,N/A,geosolutions-it,imageio-ext
0,0,0,0,N/A,ftomassetti,analyze-java-code-examples
0,0,0,0,N/A,lugribossk,dropwizard-experiment
0,0,0,0,N/A,lexicalscope,jewelcli
0,0,0,0,N/A,kevinherron,ua-server-sdk
0,0,0,0,N/A,plaidgroup,plaid-lang
0,0,0,0,N/A,hiddenswitch,spellsource-server
0,0,0,0,N/A,tomwhite,whirr
0,0,0,0,N/A,pinterest,soundwave
0,0,0,0,N/A,jogetworkflow,jogetworkflow
0,0,0,0,N/A,konmik,nucleus
0,0,0,0,N/A,joshlong,spring-advanced-marhshallers-and-service-exporters
0,0,0,0,N/A,h908714124,jbock
0,0,0,0,N/A,airlift,discovery
0,0,0,0,N/A,fetlife,android
0,0,0,0,N/A,ycg000344,wm.program
0,0,0,0,N/A,ibm,ibm-cos-sdk-java
0,0,0,0,N/A,herrmanntom,setlx
0,0,0,0,N/A,liyanaroslieyamato,omninotes
0,0,0,0,N/A,aalmiray,griffon-examples
0,0,0,0,N/A,teatrove,teatrove
0,0,0,0,N/A,uea-machine-learning,tsml
0,0,0,0,N/A,pveentjer,multiverse
0,0,0,0,N/A,juankysoriano,materiallife
0,0,0,0,N/A,zkhan011,fmssrc
0,0,0,0,N/A,nfscan,nfscan
0,0,0,0,N/A,marselsidikov,java_it_park_work_3
0,0,0,0,N/A,iterate-ch,cyberduck
0,0,0,0,N/A,flinkml,flink-modelserver
0,0,0,0,N/A,pierre,ning-service-skeleton
0,0,0,0,N/A,fabric8io,ipaas-quickstarts
0,0,0,0,N/A,sealuzh,msr18-docker-dataset
0,0,0,0,N/A,ameizi,jersey2-restfull-examples
0,0,0,0,N/A,bmf-rksv-technik,at-registrierkassen-mustercode
0,0,0,0,N/A,alenca,zklogtool
0,0,0,0,N/A,emirweb,liason
0,0,0,0,N/A,mast-group,api-mining
0,0,0,0,N/A,bdqfork,festival
0,0,0,0,N/A,software-engineering-amsterdam,myriad-ql
0,0,0,0,N/A,rebase-it,rebot
0,0,0,0,N/A,loda-kun,spring-boot-learning
0,0,0,0,N/A,adambien,lightfish
0,0,0,0,N/A,dominokit,domino-mvp
0,0,0,0,N/A,nerdammer,spash
0,0,0,0,N/A,monakhv,samlib-info
0,0,0,0,N/A,google-gson,typeadapters
0,0,0,0,N/A,zqhero,deviceinfodemo
0,0,0,0,N/A,eseifert,gral
0,0,0,0,N/A,toolisticon,annotation-processor-toolkit
0,0,0,0,N/A,opengauss-mirror,opengauss-connector-jdbc
0,0,0,0,N/A,lfcnassif,iped
0,0,0,0,N/A,evrythng,evrythng-java-sdk
0,0,0,0,N/A,polaralex,minusxl
0,0,0,0,N/A,zhengjunbase,codehelper.generator
0,0,0,0,N/A,ushahidi,smssync
0,0,0,0,N/A,zenika,blogs
0,0,0,0,N/A,packtpublishing,-microservices-architecture-building-enterprise-grade-solutions
0,0,0,0,N/A,senbox-org,snap-desktop
0,0,0,0,N/A,fenixedu,bennu
0,0,0,0,N/A,ruicao93,onos-icoa
0,0,0,0,N/A,gofore,aws-training
0,0,0,0,N/A,ogrisel,mahout
0,0,0,0,N/A,ggj2010,springcloudsamples-ggj
0,0,0,0,N/A,hooj0,spring-data-fabric-chaincode
0,0,0,0,N/A,zacsweers,inspector
0,0,0,0,N/A,cscenter,hpcourse
0,0,0,0,N/A,8431,hxsg
0,0,0,0,N/A,mguymon,red5-mavenized
0,0,0,0,N/A,duyp,mvvm-template
0,0,0,0,N/A,as0ler,android-tools
0,0,0,0,N/A,mrombout,spiner
0,0,0,0,N/A,sevenex,wallet-rpc
0,0,0,0,N/A,alibaba,tac
0,0,0,0,N/A,kyoripowered,text
0,0,0,0,N/A,gridgo,gridgo
0,0,0,0,N/A,wangli135,blogdemo
0,0,0,0,N/A,openliberty,open-liberty
0,0,0,0,N/A,jplu,adel
0,0,0,0,N/A,brarcher,loyalty-card-locker
0,0,0,0,N/A,theopencloudengine,beluga
0,0,0,0,N/A,subchen,jetbrick-template-2x
0,0,0,0,N/A,societe-generale,sonar-openapi
0,0,0,0,N/A,aws-samples,djl-demo
0,0,0,0,N/A,tonilopezmr,game-of-thrones
0,0,0,0,N/A,apress,creating-maintainable-apis
0,0,0,0,N/A,apache,hadoop-ozone
0,0,0,0,N/A,kontalk,androidclient
0,0,0,0,N/A,awslabs,realworld-serverless-application
0,0,0,0,N/A,lixiang-share,rpg_jg
0,0,0,0,N/A,talhahasanzia,easy-parsers
0,0,0,0,N/A,aaberg,sql2o
0,0,0,0,N/A,gmueclab,ecj
0,0,0,0,N/A,loom-build-tool,loom
0,0,0,0,N/A,yahooarchive,druid-extensions
0,0,0,0,N/A,metteo,jts
0,0,0,0,N/A,adblockplus,libadblockplus-android
0,0,0,0,N/A,fredhopper,hybris-connector
0,0,0,0,N/A,fgiannesini,libsassgradleplugin
0,0,0,0,N/A,manas-chaudhari,android-mvvm
0,0,0,0,N/A,jiangjie888,open-smartcloud
0,0,0,0,N/A,monkeyk,oauth2-shiro-redis
0,0,0,0,N/A,networknt,light-rest-4j
0,0,0,0,N/A,mariusneo,algorithmics
0,0,0,0,N/A,workable,java-error-handler
0,0,0,0,N/A,exo-archives,ks
0,0,0,0,N/A,zeebe-io,spring-zeebe
0,0,0,0,N/A,shensky711,run-with-you
0,0,0,0,N/A,ryoasai,spring-mvc-exts
0,0,0,0,N/A,square,rack-servlet
0,0,0,0,N/A,longkerdandy,chii2
0,0,0,0,N/A,actiontech,txle
0,0,0,0,N/A,karumi,headerrecyclerview
0,0,0,0,N/A,muten84,xdcc4j
0,0,0,0,N/A,univali-lite,portugol-studio
0,0,0,0,N/A,fastconnect,tibco-bwmaven
0,0,0,0,N/A,chompi,openrtb2x
0,0,0,0,N/A,stumbleuponarchive,hbase
0,0,0,0,N/A,bobhanson,jmol-swingjs
0,0,0,0,N/A,cn-src,wechat
0,0,0,0,N/A,huygensing,timbuctoo
0,0,0,0,N/A,sonarsource,sonar-php
0,0,0,0,N/A,intelligent-systems-group,jpl-framework
0,0,0,0,N/A,cossme,grinder
0,0,0,0,N/A,vincentx,i0
0,0,0,0,N/A,javaee,glassfish-corba
0,0,0,0,N/A,libreplan,libreplan
0,0,0,0,N/A,joinany,phoenix-for-cloudera
0,0,0,0,N/A,dspace,dspace-svn-deprecated
0,0,0,0,N/A,boomblog,incubator-dubbo-vip1
0,0,0,0,N/A,muoncore,newton
0,0,0,0,N/A,droibit,rxactivitylauncher
0,0,0,0,N/A,inchaincodes,inchain
0,0,0,0,N/A,wala,wala
0,0,0,0,N/A,a0x8o,flink
0,0,0,0,N/A,cortical-io,java-client-sdk
0,0,0,0,N/A,52north,wps
0,0,0,0,N/A,seage,seage
0,0,0,0,N/A,ahmed-abdelmeged,githubarch
0,0,0,0,N/A,codenvy-legacy,che-plugins
0,0,0,0,N/A,acr31,features-javac
0,0,0,0,N/A,codemateltd,android-cucumber-bdd-sample
0,0,0,0,N/A,smartdevicelink,sdl_java_suite
0,0,0,0,N/A,semweb4j,semweb4j
0,0,0,0,N/A,derklaro,reformcloud2
0,0,0,0,N/A,netflix,denominator
0,0,0,0,N/A,cognifide,aet
0,0,0,0,N/A,fewlaps,flone-android
0,0,0,0,N/A,tita,tita
0,0,0,0,N/A,javaee,glassfish
0,0,0,0,N/A,jloisel,spring-boot-hazelcast
0,0,0,0,N/A,52north,series-rest-api
0,0,0,0,N/A,cloudera,flume-ng
0,0,0,0,N/A,yandex-qatools,android-wifitool
0,0,0,0,N/A,sundrio,sundrio
0,0,0,0,N/A,gavinct,meituanlintdemo
0,0,0,0,N/A,hyperledger,sawtooth-sdk-java
0,0,0,0,N/A,gongtengxinyi,monitor-parent
0,0,0,0,N/A,addthis,hydra
0,0,0,0,N/A,collaborationinencapsulation,from-zero-to-reactive-hero
0,0,0,0,N/A,djsecret,sprprojects
0,0,0,0,N/A,dkpro,dkpro-core-examples
0,0,0,0,N/A,org-hejianhui,niuh-spring-boot-starter
0,0,0,0,N/A,brandwatchltd,robots
0,0,0,0,N/A,cgeo,mapsforge
0,0,0,0,N/A,fabric8io,fabric8-kit
0,0,0,0,N/A,albintheander,meqantt
0,0,0,0,N/A,griddynamics,banshun
0,0,0,0,N/A,skylark95,amazon-app-notifier
0,0,0,0,N/A,ulisesbocchio,jasypt-spring-boot
0,0,0,0,N/A,quux00,simplecsv
0,0,0,0,N/A,kitsook,chacha20
0,0,0,0,N/A,sebhoss,memoization.java
0,0,0,0,N/A,planetfederal,suite
0,0,0,0,N/A,adorsys,xs2a-adapter
0,0,0,0,N/A,sonatype-nexus-community,nexus-repository-apk
0,0,0,0,N/A,hantsy,ee7-jaxrs-sample
0,0,0,0,N/A,zhanghuang03,grus
0,0,0,0,N/A,camunda,camunda-bpm-spring-boot-starter
0,0,0,0,N/A,badoo,hprof-tools
0,0,0,0,N/A,apache,uima-sandbox
0,0,0,0,N/A,habernal,semeval2018-task12
0,0,0,0,N/A,appstorefoundation,asf-sdk
0,0,0,0,N/A,kolloldas,easynlu
0,0,0,0,N/A,modelmapper,modelmapper
0,0,0,0,N/A,ctripcorp,dal
0,0,0,0,N/A,captainbern,reflection
0,0,0,0,N/A,lodsve,lodsve-framework
0,0,0,0,N/A,hantsy,spring-microservice-sample
0,0,0,0,N/A,eclipse,eclipse-collections
0,0,0,0,N/A,dzavalishin,mqtt_udp
0,0,0,0,N/A,itext,itext7
0,0,0,0,N/A,mathisdt,trackworktime
0,0,0,0,N/A,spring-projects,spring-social-twitter
0,0,0,0,N/A,doinglee,reading--spring-3.x-enterprise-application-development
0,0,0,0,N/A,glucosio,glucosio-android
0,0,0,0,N/A,devrandom,java-stratum
0,0,0,0,N/A,jubatus,jubatus-msgpack-rpc
0,0,0,0,N/A,droiddevgeeks,newsapp
0,0,0,0,N/A,eclipsesource,modelserver
0,0,0,0,N/A,ahmed-adel-ismail,litecycle
0,0,0,0,N/A,endercrest,colorcube
0,0,0,0,N/A,nisrulz,sensey
0,0,0,0,N/A,danielpacak,com.github.danielpacak.jenkins.ci
0,0,0,0,N/A,mapzen,on-the-road_android
0,0,0,0,N/A,various-databases,neo4j-nlp
0,0,0,0,N/A,phasebash,jsdoc3-maven-plugin
0,0,0,0,N/A,adorsys,xs2a-sandbox
0,0,0,0,N/A,esl,mangosta-android
0,0,0,0,N/A,jtulach,bck2brwsr
0,0,0,0,N/A,dektar,jterm-cswithandroid
0,0,0,0,N/A,powerunit,powerunit
0,0,0,0,N/A,neo4j-attic,graphdb
0,0,0,0,N/A,ibm-cloud,todo-apps
0,0,0,0,N/A,aikin,refactoring-kata
0,0,0,0,N/A,protostuff,protostuff-examples
0,0,0,0,N/A,mindorksopensource,android-mvvm-architecture
0,0,0,0,N/A,davioooh,datatables-pagination
0,0,0,0,N/A,ahmedaljazzar,rosetta
0,0,0,0,N/A,arquillian,arquillian-container-chameleon
0,0,0,0,N/A,camunda,camunda-bpm-reactor
0,0,0,0,N/A,includeyy,educationsystem
0,0,0,0,N/A,fudanselab,train-ticket
0,0,0,0,N/A,nhnnext,2017-01-hudi-mac-char
0,0,0,0,N/A,dlazaro66,wheelindicatorview
0,0,0,0,N/A,jakewharton,telecine
0,0,0,0,N/A,octo-online,reactive-audit
0,0,0,0,N/A,antoniolg,androidmvp
0,0,0,0,N/A,davpapp,powerminer
0,0,0,0,N/A,hyscale,hyscale
0,0,0,0,N/A,codepediaorg,podcastpedia
0,0,0,0,N/A,luontola,jumi
0,0,0,0,N/A,rinde,rinsim
0,0,0,0,N/A,arello-mobile,moxy
0,0,0,0,N/A,anathema,anathema_3e
0,0,0,0,N/A,sundeepk,compactcalendarview
0,0,0,0,N/A,emory-courses,cs323
0,0,0,0,N/A,akraxx,gitlab-jira-integration
0,0,0,0,N/A,udoprog,tiny-async-java
0,0,0,0,N/A,aliyun-beta,aliyun-oss-hadoop-fs
0,0,0,0,N/A,rewe-digital-incubator,integration-patterns
0,0,0,0,N/A,fjfd,microscope
0,0,0,0,N/A,openfoodfacts,openfoodfacts-androidapp
0,0,0,0,N/A,rapidoid,rapidoid
0,0,0,0,N/A,blundell,quicksand
0,0,0,0,N/A,mastercard-gateway,gateway-android-sdk
0,0,0,0,N/A,nexenio,ble-indoor-positioning
0,0,0,0,N/A,operutka,jlibav
0,0,0,0,N/A,n26,n26androidsamples
0,0,0,0,N/A,setgeek,opc-da
0,0,0,0,N/A,readlearncode,java-ee-8-sampler
0,0,0,0,N/A,rybalkinsd,atom
0,0,0,0,N/A,kurento,kurento-room
0,0,0,0,N/A,cognifide,bobcat
0,0,0,0,N/A,ericsson-lmf,iot-gateway
0,0,0,0,N/A,nvanbenschoten,motion
0,0,0,0,N/A,arouel,uadetector
0,0,0,0,N/A,kevinsawicki,etag-cache
0,0,0,0,N/A,testmycode,tmc-intellij
0,0,0,0,N/A,sevenfang,datacenter
0,0,0,0,N/A,dmfs,uri-toolkit
0,0,0,0,N/A,homeadvisor,robusto
0,0,0,0,N/A,apache,attic-wink
0,0,0,0,N/A,jidesoft,jidefx-oss
0,0,0,0,N/A,commit451,easycallback
0,0,0,0,N/A,offbynull,actors
0,0,0,0,N/A,ljygz,flink-cepplus
0,0,0,0,N/A,ops4j,org.ops4j.pax.url
0,0,0,0,N/A,universum-studios,android_font
0,0,0,0,N/A,nicolasmanic,perses
0,0,0,0,N/A,skyost,algogo
0,0,0,0,N/A,spring-cloud,spring-cloud-open-service-broker
0,0,0,0,N/A,lmxdawn,him-netty
0,0,0,0,N/A,huashen,netty
0,0,0,0,N/A,ulisesbocchio,spring-boot-security-saml
0,0,0,0,N/A,spring-sprout,egov-data
0,0,0,0,N/A,barchart,barchart-udt
0,0,0,0,N/A,adijo,programming-pearls
0,0,0,0,N/A,fcrepo3,trippi
0,0,0,0,N/A,fabric8io,agent-bond
0,0,0,0,N/A,bignerdranch,expandable-recycler-view
0,0,0,0,N/A,gudaoxuri,dew
0,0,0,0,N/A,epimorphics,elda
0,0,0,0,N/A,airlift,airship
0,0,0,0,N/A,jiangjibo,rocketmq
0,0,0,0,N/A,netflix,genie
0,0,0,0,N/A,tsypuk,springrestdoc
0,0,0,0,N/A,vernonlee,theogony
0,0,0,0,N/A,private12,project-koanalyzer
0,0,0,0,N/A,lowwor,realtime-bus
0,0,0,0,N/A,prpatel,quarkus-workshop
0,0,0,0,N/A,cjdev,httpobjects
0,0,0,0,N/A,keepsafe,relinker
0,0,0,0,N/A,berryworkssoftware,edireader
0,0,0,0,N/A,jpfeffer,teamcity-highlighter
0,0,0,0,N/A,jenpet,mbdev
0,0,0,0,N/A,germanattanasio,professor-languo
0,0,0,0,N/A,ltf,lab
0,0,0,0,N/A,openzipkin,zipkin
0,0,0,0,N/A,yangwm,tooyoung
0,0,0,0,N/A,deeplearning4j,nd4j
0,0,0,0,N/A,johrstrom,cloud-meter
0,0,0,0,N/A,drazzib,neo4j-examples
0,0,0,0,N/A,poetix,octarine
0,0,0,0,N/A,mrdear,javaweb
0,0,0,0,N/A,clockbyte,admobadapter
0,0,0,0,N/A,yu120,neural
0,0,0,0,N/A,tencent,tubemq
0,0,0,0,N/A,sourcepole,jasperreports-wms-component
0,0,0,0,N/A,jksiezni,xpra-client
0,0,0,0,N/A,lambda-3,graphene
0,0,0,0,N/A,wordpress-mobile,wordpress-utils-android
0,0,0,0,N/A,varunu28,elements-of-programming-interviews
0,0,0,0,N/A,tigase,stork
0,0,0,0,N/A,gyfora,streamkv
0,0,0,0,N/A,amaronui,amaronui-layouts
0,0,0,0,N/A,xkcoding,scaffold
0,0,0,0,N/A,tmobile,kardio
0,0,0,0,N/A,robinhood,spark
0,0,0,0,N/A,rcsb,symmetry
0,0,0,0,N/A,opendaylight,openflowjava
0,0,0,0,N/A,scorpiolzl,cloudsim
0,0,0,0,N/A,knobtviker,bme680
0,0,0,0,N/A,jack921,reactnativeparam
0,0,0,0,N/A,khmarbaise,maven-training
0,0,0,0,N/A,fabric8io,fabric8-maven-plugin
0,0,0,0,N/A,bava,intro-gradle
0,0,0,0,N/A,dsolonenko,financisto
0,0,0,0,N/A,sing-group,gc4s
0,0,0,0,N/A,chiuki,android-testing-recipes
0,0,0,0,N/A,siglus,lmis-moz-mobile
0,0,0,0,N/A,projectccnx,ccnx
0,0,0,0,N/A,up1,course-microservice
0,0,0,0,N/A,uber,tchannel-java
0,0,0,0,N/A,apache,geronimo-specs
0,0,0,0,N/A,androidstarters,generator-android-architecture
0,0,0,0,N/A,weblyzard,streaming-sparql
0,0,0,0,N/A,flexovm,flexovm
0,0,0,0,N/A,geoserver,geofence
0,0,0,0,N/A,rui-santos,icoin
0,0,0,0,N/A,drftpd-ng,drftpd3
0,0,0,0,N/A,fuinorg,event-store-commons
0,0,0,0,N/A,jakewharton,salvage
0,0,0,0,N/A,eyesfirst,eyesfirst
0,0,0,0,N/A,qoswork,opennmszh
0,0,0,0,N/A,rushgit,instantrun
0,0,0,0,N/A,udacity,ud859
0,0,0,0,N/A,quicklyric,quicklyric
0,0,0,0,N/A,comtest,comtestnist
0,0,0,0,N/A,egzosn,pay-java-parent
0,0,0,0,N/A,smartitengineering,smart-cms
0,0,0,0,N/A,lytico,db4o
0,0,0,0,N/A,governance,rtgov
0,0,0,0,N/A,thangbn,console-drawing
0,0,0,0,N/A,uqdeco2800,farmsim
0,0,0,0,N/A,dzikoysk,pandaorm
0,0,0,0,N/A,bittigerinst,minicassandra
0,0,0,0,N/A,axonframework,cdi
0,0,0,0,N/A,nano-projects,nano-framework
0,0,0,0,N/A,laisly,weex
0,0,0,0,N/A,tlaukkan,zigbee4java
0,0,0,0,N/A,minidns,minidns
0,0,0,0,N/A,kervinpierre,vfs-azure
0,0,0,0,N/A,apress,def-guide-to-firebase
0,0,0,0,N/A,fudannlp,fnlp
0,0,0,0,N/A,arquillian,arquillian-extension-persistence
0,0,0,0,N/A,duraspace,lambdora
0,0,0,0,N/A,jpos,jpos-ee
0,0,0,0,N/A,openestate,openestate-io
0,0,0,0,N/A,pkainulainen,spring-data-solr-examples
0,0,0,0,N/A,opennvm,nvmkv-java
0,0,0,0,N/A,kuali,kfs
0,0,0,0,N/A,plexsystems,plex-http-data-source-android-sdk
0,0,0,0,N/A,ctrip-di,hue-ctrip-di
0,0,0,0,N/A,outbrain,aletheia
0,0,0,0,N/A,maskarade,staticgson
0,0,0,0,N/A,blipinsk,staggeredanimationgroup
0,0,0,0,N/A,gatein,gatein-portal
0,0,0,0,N/A,spring-cloud-stream-app-starters,tensorflow
0,0,0,0,N/A,openstack,sahara-extra
0,0,0,0,N/A,dick-the-deployer,dick
0,0,0,0,N/A,bcdev,beam-meris-core
0,0,0,0,N/A,dworkin,reddwarf
0,0,0,0,N/A,simon987,much-assembly-required
0,0,0,0,N/A,chonton,apm-client
0,0,0,0,N/A,findwise,hydra
0,0,0,0,N/A,makotogo,tddwithjunit
0,0,0,0,N/A,cogcomp,cogcomp-nlp
0,0,0,0,N/A,yangziwen,diff-check
0,0,0,0,N/A,shekhargulati,conduit-on-kubernetes
0,0,0,0,N/A,la-team,light-admin
0,0,0,0,N/A,gitorto,extractu-plugin
0,0,0,0,N/A,jasig,coursesportlet
0,0,0,0,N/A,eclipse-ee4j,glassfish
0,0,0,0,N/A,maciejmiklas,cyclop
0,0,0,0,N/A,sikuli,sikuli-slides
0,0,0,0,N/A,camphul,trampoline
0,0,0,0,N/A,jerpowers,intellid
0,0,0,0,N/A,mrp130,smell
0,0,0,0,N/A,hnnw,xuecheng
0,0,0,0,N/A,maksim-m,popular-movies-app
0,0,0,0,N/A,cettia,cettia-java-server
0,0,0,0,N/A,iotoasis,si
0,0,0,0,N/A,gstnindia,hbase-to-hive
0,0,0,0,N/A,apache,asterixdb-hyracks
0,0,0,0,N/A,santanusinha,dropwizard-service-discovery
0,0,0,0,N/A,alan2lin,makefsm
0,0,0,0,N/A,julianhyde,optiq
0,0,0,0,N/A,neilbeveridge,zuul-netty
0,0,0,0,N/A,confluentinc,ksql
0,0,0,0,N/A,schweizerischebundesbahnen,apim-adapter
0,0,0,0,N/A,long-re,long
0,0,0,0,N/A,cristianabrante,capacityvehicleroutingproblem
0,0,0,0,N/A,tfdream,spring-boot-tutorials
0,0,0,0,N/A,aviewdevs,aview
0,0,0,0,N/A,canhnt,sne-xacml
0,0,0,0,N/A,coding-blocks,digitaloceanapp
0,0,0,0,N/A,ajitsing,sherlock
0,0,0,0,N/A,leon2017,androidrndemo
0,0,0,0,N/A,gcacace,dex2jar
0,0,0,0,N/A,rasoio,daon
0,0,0,0,N/A,coti-io,coti-trustscore-node
0,0,0,0,N/A,pietsmietapp,pietsmiet_android
0,0,0,0,N/A,uber,uber-graph-benchmark
0,0,0,0,N/A,nightscout,android-uploader
0,0,0,0,N/A,aliyun,aliyun-mobile-weex
0,0,0,0,N/A,aksw,rdfunit
0,0,0,0,N/A,hotswapprojects,hotswapagent
0,0,0,0,N/A,northernstars,mr-fwns
0,0,0,0,N/A,cailiaodevorg,dfs
0,0,0,0,N/A,androidknife,utils
0,0,0,0,N/A,pivotalsoftware,session-managers
0,0,0,0,N/A,dashevo,dashj
0,0,0,0,N/A,diging,giles-eco-giles-web
0,0,0,0,N/A,huxi,lilith
0,0,0,0,N/A,sanjayvacharya,sleeplessinslc
0,0,0,0,N/A,3pillarlabs,spring-data-simpledb
0,0,0,0,N/A,sebastian-hofstaetter,ir-generalized-translation-models
0,0,0,0,N/A,ballerinax,kubernetes
0,0,0,0,N/A,spring-cloud,spring-cloud-app-starters-maven-plugins
0,0,0,0,N/A,foundery-rmb,kubernetes-service-discovery
0,0,0,0,N/A,spinn3r,artemis-framework
0,0,0,0,N/A,gnecula,bond
0,0,0,0,N/A,xfsnow,android
0,0,0,0,N/A,tracee,tracee
0,0,0,0,N/A,activiti,activiti-cloud-audit-service
0,0,0,0,N/A,katiejots,superhero-monads
0,0,0,0,N/A,dianping,puma
0,0,0,0,N/A,thulab,iotdb
0,0,0,0,N/A,bartoszm,yang2swagger
0,0,0,0,N/A,tangxiaolv,android-router
0,0,0,0,N/A,nipra,jafun
0,0,0,0,N/A,vanniktech,onactivityresult
0,0,0,0,N/A,oryxproject,oryx
0,0,0,0,N/A,jwills,exhibit
0,0,0,0,N/A,b4dt0bi,silvertunnel-ng
0,0,0,0,N/A,kchrusciel,spring-boot-examples
0,0,0,0,N/A,davidvaleri,intro-to-camel-by-example
0,0,0,0,N/A,spccold,dubbo-comments
0,0,0,0,N/A,onehippo,essentials
0,0,0,0,N/A,franmontiel,localechanger
0,0,0,0,N/A,projectodd,stilts
0,0,0,0,N/A,ananas-analytics,ananas-desktop
0,0,0,0,N/A,russelarms,offsetanimator
0,0,0,0,N/A,scxwhite,parsex
0,0,0,0,N/A,icgc-dcc,dcc-release
0,0,0,0,N/A,norecha,pokubot
0,0,0,0,N/A,jclawson,hazeltask
0,0,0,0,N/A,chanjarster,weixin-java-tools
0,0,0,0,N/A,wusi05,hadoop-book
0,0,0,0,N/A,source4code,repo
0,0,0,0,N/A,jkorab,ameliant-tools
0,0,0,0,N/A,apache,incubator-samoa
0,0,0,0,N/A,dcm4che,dcm4chee-arc-cdi
0,0,0,0,N/A,kbss-cvut,jopa
0,0,0,0,N/A,java-diff-utils,java-diff-utils
0,0,0,0,N/A,aradomski,navigator
0,0,0,0,N/A,tmurakami,dexopener
0,0,0,0,N/A,home-climate-control,dz
0,0,0,0,N/A,fabric3,fabric3-core
0,0,0,0,N/A,opengeoportal,ogpharvester
0,0,0,0,N/A,exslims,mercurytrade
0,0,0,0,N/A,fitpay,fitpay-android-sdk
0,0,0,0,N/A,ovidiuf,playground
0,0,0,0,N/A,thucydides-webtests,thucydides
0,0,0,0,N/A,gildasmorvan,similar2logo
0,0,0,0,N/A,cfparser,cfparser
0,0,0,0,N/A,95mistake,sonar
0,0,0,0,N/A,k19,k19-arquivos
0,0,0,0,N/A,egovframe,egovframework.rte.root
0,0,0,0,N/A,apress,pivotal-certified-pro-spring-dev-exam-02
0,0,0,0,N/A,tomighty,tomighty
0,0,0,0,N/A,adrodoc,mpl
0,0,0,0,N/A,open-android,picasso
0,0,0,0,N/A,marcelosousa,descartes
0,0,0,0,N/A,jmxtrans,jmxtrans
0,0,0,0,N/A,crossoverjie,ssm
0,0,0,0,N/A,pinterest,singer
0,0,0,0,N/A,soulwing,cas-extension
0,0,0,0,N/A,paypal,selion
0,0,0,0,N/A,stephanenicolas,toothpick
0,0,0,0,N/A,chids,logback-messaging-appenders
0,0,0,0,N/A,seratch,junithelper
0,0,0,0,N/A,apache,incubator-brooklyn
0,0,0,0,N/A,porcelli,openspotlight
0,0,0,0,N/A,germnix,acacia
0,0,0,0,N/A,devnull-tools,boteco
0,0,0,0,N/A,esfand,axon-auction-example
0,0,0,0,N/A,calebfenton,simplify
0,0,0,0,N/A,onodevteam,onochain
0,0,0,0,N/A,apache,incubator-tez
0,0,0,0,N/A,steppschuh,java-markdown-generator
0,0,0,0,N/A,giscience,openrouteservice
0,0,0,0,N/A,darliner,weixin-java-tools
0,0,0,0,N/A,universum-studios,android_recycler
0,0,0,0,N/A,unc-libraries,carolina-digital-repository
0,0,0,0,N/A,logicaldoc,document-management-software
0,0,0,0,N/A,boundary,fasttuple
0,0,0,0,N/A,sunlightandroid,nativeaddrndemo
0,0,0,0,N/A,jeffli1993,springdream
0,0,0,0,N/A,ianspryn,magis
0,0,0,0,N/A,ciscodevnet,ioam
0,0,0,0,N/A,governance,dtgov
0,0,0,0,N/A,fluxoid-org,cyclismoproject
0,0,0,0,N/A,victorrentea,training
0,0,0,0,N/A,apache,metamodel-membrane
0,0,0,0,N/A,cancerian0684,dli-downloader
0,0,0,0,N/A,houbb,retry
0,0,0,0,N/A,amitbcg,event-stream-processing-microservices
0,0,0,0,N/A,powermock,powermock-examples-maven
0,0,0,0,N/A,shunfei,indexr
0,0,0,0,N/A,categolj,categolj2-backend
0,0,0,0,N/A,huxi,sulky
0,0,0,0,N/A,eclipsesource,graphical-lsp
0,0,0,0,N/A,ingresspub,ingress.data.gdpr
0,0,0,0,N/A,ngageoint,mrgeo
0,0,0,0,N/A,ayvee,summarystore
0,0,0,0,N/A,gigigo-android-devs,gigigo-utils-suite
0,0,0,0,N/A,mast-group,itemset-mining
0,0,0,0,N/A,e-commerce-sample,ecommerce-product-service
0,0,0,0,N/A,nitorcreations,domainreversemapper
0,0,0,0,N/A,connectbot,connectbot
0,0,0,0,N/A,republique-et-canton-de-geneve,chvote-1-0
0,0,0,0,N/A,confluence-publisher,confluence-publisher
0,0,0,0,N/A,lumenaut-network,tools
0,0,0,0,N/A,dsukhoroslov,bagri
0,0,0,0,N/A,openems,openems
0,0,0,0,N/A,cuica20,oca_1z0-808
0,0,0,0,N/A,letiantian,mybatis-tutorial
0,0,0,0,N/A,westnordost,countryboundaries
0,0,0,0,N/A,spring-cloud,spring-cloud-aws
0,0,0,0,N/A,glowingyilia,ddmlib
0,0,0,0,N/A,ozimov,spring-boot-email-tools
0,0,0,0,N/A,chenjianjx,srb4j
0,0,0,0,N/A,vipshop,saturn
0,0,0,0,N/A,eugenp,tutorials
0,0,0,0,N/A,code-not-found,jms
0,0,0,0,N/A,zerqent,cloud-storage-vault
0,0,0,0,N/A,activiti,activiti-cloud-query-service
0,0,0,0,N/A,yannanzheng,filedownloader-master
0,0,0,0,N/A,whatsapp,stringpacks
0,0,0,0,N/A,manupsunny,gauge-gradle-plugin
0,0,0,0,N/A,codinguser,gnucash-android
0,0,0,0,N/A,turn,datamine
0,0,0,0,N/A,jpetitto,rxjava-android-example
0,0,0,0,N/A,androidknife,rxbus
0,0,0,0,N/A,sitecore,sitecore-android-sdk
0,0,0,0,N/A,segmentio,cartographer
0,0,0,0,N/A,sayi,swagger-dubbo
0,0,0,0,N/A,kixeye,chassis
0,0,0,0,N/A,stoyanr,wordcounter
0,0,0,0,N/A,springside,springside4
0,0,0,0,N/A,nkcoder,quartz-explained
0,0,0,0,N/A,jchempaint,jchempaint
0,0,0,0,N/A,artist-project,artist
0,0,0,0,N/A,alessandrojp,android-easy-checkout
0,0,0,0,N/A,evant,binding-collection-adapter
0,0,0,0,N/A,jboss-fuse,quickstarts
0,0,0,0,N/A,jeffli1993,fast-framework
0,0,0,0,N/A,ptrstovka,calendarview2
0,0,0,0,N/A,spaziocodice,jena-nosql
0,0,0,0,N/A,playtika,aerospike-janusgraph-storage-backend
0,0,0,0,N/A,opentelecoms-org,jsmpp
0,0,0,0,N/A,cagataygurturk,lambadaframework
0,0,0,0,N/A,gschmutz,various-demos
0,0,0,0,N/A,hotswapprojects,hotswapagentexamples
0,0,0,0,N/A,linkedin,dynamometer
0,0,0,0,N/A,openhft,chronicle-queue-demo
0,0,0,0,N/A,waarp,waarp-all
0,0,0,0,N/A,google,physical-web
0,0,0,0,N/A,dscho,javamail
0,0,0,0,N/A,meisterschueler,ogn-viewer-android
0,0,0,0,N/A,zzt93,daily-pracitce
0,0,0,0,N/A,rohansuri,adaptive-radix-tree
0,0,0,0,N/A,pigcasso,appchooser
0,0,0,0,N/A,nceas,metacat
0,0,0,0,N/A,trisia,ofdrw
0,0,0,0,N/A,bblfsh,java-driver
0,0,0,0,N/A,youkaichao,minidb
0,0,0,0,N/A,apache,netbeans-html4j
0,0,0,0,N/A,danielserdyukov,alchemy
0,0,0,0,N/A,javaee,metro-jax-ws
0,0,0,0,N/A,m-szalik,javamail
0,0,0,0,N/A,migtavares,owmclient
0,0,0,0,N/A,carml,carml
0,0,0,0,N/A,federicoiosue,omni-notes
0,0,0,0,N/A,ning,arecibo
0,0,0,0,N/A,reactor-incubator,assertj-reactor
0,0,0,0,N/A,skomazec,sparkweave
0,0,0,0,N/A,packtpublishing,java-11-cookbook-second-edition
0,0,0,0,N/A,nhsconnect,careconnect-reference-implementation
0,0,0,0,N/A,obergner,hazelcast-server
0,0,0,0,N/A,openconext,openconext-oidc
0,0,0,0,N/A,jboss-switchyard,components
0,0,0,0,N/A,packtpublishing,full-stack-development-with-jhipster-second-edition
0,0,0,0,N/A,ykayacan,yoloo
0,0,0,0,N/A,mulesoft,mule-agent-modules
0,0,0,0,N/A,open-eid,digidoc4j
0,0,0,0,N/A,wen-fei,angeleyes
0,0,0,0,N/A,aposin,licensescout
0,0,0,0,N/A,aevi-uk,android-rxmessenger
0,0,0,0,N/A,linux-china,dubbo3
0,0,0,0,N/A,kawasima,bouncr
0,0,0,0,N/A,sonatype,nxrm3-maven-plugin
0,0,0,0,N/A,vibe-project,vibe-java-platform
0,0,0,0,N/A,cloudfoundry-attic,vcap-tools
0,0,0,0,N/A,geosolutions-it,geobatch
0,0,0,0,N/A,obsidiandynamics,socketx
0,0,0,0,N/A,springforall,springcloud-thoth
0,0,0,0,N/A,signalapp,aes-gcm-provider
0,0,0,0,N/A,hazelcast,hazelcast-hibernate-3-and-4
0,0,0,0,N/A,commonjava,atlas
0,0,0,0,N/A,zauberlabs,gnip4j
0,0,0,0,N/A,netflix,mantis-connectors
0,0,0,0,N/A,hawkular,hawkular-bus
0,0,0,0,N/A,nguillaumin,nabaztag-server
0,0,0,0,N/A,xuxueli,xxl-job
0,0,0,0,N/A,xie-summer,new-cloud
0,0,0,0,N/A,raphaeljolivet,java2typescript
0,0,0,0,N/A,neuroph,neuroph
0,0,0,0,N/A,nilhcem,droidconat-2016
0,0,0,0,N/A,xorlev,grpc-jersey
0,0,0,0,N/A,openjavacard,openjavacard-libraries
0,0,0,0,N/A,ksch-workflows,ksch-workflows
0,0,0,0,N/A,sonarsource,sonar-python
0,0,0,0,N/A,kawasima,rodriguez
0,0,0,0,N/A,castlabs,dashencrypt
0,0,0,0,N/A,pkainulainen,spring-social-examples
0,0,0,0,N/A,ita-social-projects,greencity
0,0,0,0,N/A,computationalcore,graphenej
0,0,0,0,N/A,benas,spring-batch-lab
0,0,0,0,N/A,easycodingnow,gendoc
0,0,0,0,N/A,qafedev,qafe-platform
0,0,0,0,N/A,davpin,cf-springboottrader
0,0,0,0,N/A,nuppan,georgia-tech
0,0,0,0,N/A,dunwu,javaweb
0,0,0,0,N/A,planetfederal,geotools-2.7.x
0,0,0,0,N/A,ligasgr,intellij-xquery
0,0,0,0,N/A,soenter,updiff
0,0,0,0,N/A,androidsdksources,android-sdk-sources-for-api-level-29
0,0,0,0,N/A,netceteragroup,valdr-bean-validation
0,0,0,0,N/A,xafero,dynkt
0,0,0,0,N/A,ipeirotis,troia-server
0,0,0,0,N/A,twitter-archive,elephant-twin
0,0,0,0,N/A,chinalhr,javaquarkbbs
0,0,0,0,N/A,adobe,metrics-client-for-java
0,0,0,0,N/A,oktadeveloper,okta-jhipster-microservices-oauth-example
0,0,0,0,N/A,t-nova,marketplace
0,0,0,0,N/A,googlearchive,firebase-jobdispatcher-android
0,0,0,0,N/A,biopax,paxtools
0,0,0,0,N/A,bptlab,unicorn
0,0,0,0,N/A,jaxio,celerio
0,0,0,0,N/A,reark,reark
0,0,0,0,N/A,guardtime,ksi-java-sdk
0,0,0,0,N/A,seaseltd,ltr-tools
0,0,0,0,N/A,richfaces,richfaces-sandbox
0,0,0,0,N/A,ridencww,goldengine
0,0,0,0,N/A,netflix,suro
0,0,0,0,N/A,kevalpatel2106,smart-lens
0,0,0,0,N/A,difi,vefa-peppol
0,0,0,0,N/A,spring-cloud,spring-cloud-netflix
0,0,0,0,N/A,sap,cloud-odata-java
0,0,0,0,N/A,scigraph,scigraph
0,0,0,0,N/A,waikato,moa
0,0,0,0,N/A,brarcher,budget-watch
0,0,0,0,N/A,diging,citesphere
0,0,0,0,N/A,zeebe-io,zeebe
0,0,0,0,N/A,dianbaer,grain
0,0,0,0,N/A,jcherng-pivotal,scs-etl-demo
0,0,0,0,N/A,flyingsaucerproject,flyingsaucer
0,0,0,0,N/A,frode-carlsen,cron
0,0,0,0,N/A,uber-archive,chaperone
0,0,0,0,N/A,rspilker,spi
0,0,0,0,N/A,te-con,ehour
0,0,0,0,N/A,cambecc,grains
0,0,0,0,N/A,drugis,mtc
0,0,0,0,N/A,joxy-laf,joxy-oxygen
0,0,0,0,N/A,bettercloud,scim2
0,0,0,0,N/A,ribeirux,hashes
0,0,0,0,N/A,liyanxi,reactnativedemo
0,0,0,0,N/A,xwlcn,dodder
0,0,0,0,N/A,iansrobinson,graph-databases-use-cases
0,0,0,0,N/A,raydac,jhexed
0,0,0,0,N/A,pmarques,socketio-server
0,0,0,0,N/A,eclipse-ee4j,nosql
0,0,0,0,N/A,ontotext-ad,s4
0,0,0,0,N/A,javaee-samples,javaee7-samples
0,0,0,0,N/A,binglind,alchemy
0,0,0,0,N/A,shenli-uiuc,pyrodb
0,0,0,0,N/A,amazon-archives,gaming-analytics-pipeline
0,0,0,0,N/A,onehilltech,concurrent
0,0,0,0,N/A,stripesframework,stripes
0,0,0,0,N/A,btkelly,gandalf
0,0,0,0,N/A,refinitiv,elektron-sdk
0,0,0,0,N/A,premiummarkets,pm
0,0,0,0,N/A,yamcs,yamcs
0,0,0,0,N/A,matthias-christen,patus
0,0,0,0,N/A,everonhq,station-simulator
0,0,0,0,N/A,gooddata,gooddata-java
0,0,0,0,N/A,springcloud,moss
0,0,0,0,N/A,holyjak,static-jsfexpression-validator
0,0,0,0,N/A,wiproopensource,openbdre
0,0,0,0,N/A,jiwhiz,jiwhizblogweb
0,0,0,0,N/A,restcomm,load-balancer
0,0,0,0,N/A,egovernments,egov-smartcity-suite
0,0,0,0,N/A,foo4u,spring-mvc-cache-control
0,0,0,0,N/A,nagabhushanamn,nex-wissen
0,0,0,0,N/A,qsft,mensa
0,0,0,0,N/A,facebookarchive,ig-disk-cache
0,0,0,0,N/A,oxaoo,mp4ru
0,0,0,0,N/A,gjxaiou,project
0,0,0,0,N/A,sonarsource,sonar-css
0,0,0,0,N/A,jibbo,base-mvp
0,0,0,0,N/A,jboss-switchyard,switchyard
0,0,0,0,N/A,hyperledger-archives,fabric-api-archive
0,0,0,0,N/A,calabash-driver,calabash-driver
0,0,0,0,N/A,srotya,tau
0,0,0,0,N/A,dkpro,dkpro-tc
0,0,0,0,N/A,joshdrummond,webpasswordsafe
0,0,0,0,N/A,geosolutions-it,mapstoremobile
0,0,0,0,N/A,andybrodie,xml2csv
0,0,0,0,N/A,isp-insoft-gmbh,swingx
0,0,0,0,N/A,datasays,wes
0,0,0,0,N/A,doyleyoung,cola-maven-plugin
0,0,0,0,N/A,openmrs,openmrs-module-sync2
0,0,0,0,N/A,bparmentier,wifikeyshare
0,0,0,0,N/A,ow2-proactive,programming
0,0,0,0,N/A,vladmihalcea,hibernate-types
0,0,0,0,N/A,ljygz,flink1.8-analyse
0,0,0,0,N/A,researchgate,gradle-release-examples
0,0,0,0,N/A,intomylife,springcloud
0,0,0,0,N/A,shekhargulati,rx-docker-client
0,0,0,0,N/A,cschneider,karaf-tutorial
0,0,0,0,N/A,jpmorganchase,sandboni-core
0,0,0,0,N/A,tzolov,geode-dashboard
0,0,0,0,N/A,ztkmkoo,dss
0,0,0,0,N/A,c2mon,c2mon
0,0,0,0,N/A,mundane799699,blog_code
0,0,0,0,N/A,lumifyio,securegraph
0,0,0,0,N/A,stephenh,dtonator
0,0,0,0,N/A,netflix,turbine
0,0,0,0,N/A,apache,james-project
0,0,0,0,N/A,asqatasun,contrast-finder
0,0,0,0,N/A,chen56,firebats
0,0,0,0,N/A,intuit,benten
0,0,0,0,N/A,autohomecorp,dbtree
0,0,0,0,N/A,20n,act
0,0,0,0,N/A,punkhorn,jboss-sap-jca
0,0,0,0,N/A,novoda,no-player
0,0,0,0,N/A,kframework,k
0,0,0,0,N/A,wikimedia,kraken
0,0,0,0,N/A,dtanzer,metalshell
0,0,0,0,N/A,adambien,enhydrator
0,0,0,0,N/A,jakewharton,u2020
0,0,0,0,N/A,phenomics,ontolib
0,0,0,0,N/A,senx,warp10-platform
0,0,0,0,N/A,shiyuan2he,springcloud
0,0,0,0,N/A,apache,incubator-dlab
0,0,0,0,N/A,craftingjava,springuni-particles
0,0,0,0,N/A,apache,incubator-retired-edgent
0,0,0,0,N/A,drugis,addis
0,0,0,0,N/A,akuhtz,timingframework
0,0,0,0,N/A,chenpengliang0909,wxjava
0,0,0,0,N/A,gallery,gallery-remote
0,0,0,0,N/A,karussell,jetwick
0,0,0,0,N/A,eclipse,mylyn.docs
0,0,0,0,N/A,data2semantics,d2s-tools
0,0,0,0,N/A,signalapp,signal-android
0,0,0,0,N/A,armmbed,mbed-cloud-sdk-java
0,0,0,0,N/A,rortian,jung2
0,0,0,0,N/A,smartbear,readyapi4j
0,0,0,0,N/A,signal,agathon
0,0,0,0,N/A,xwiki-contrib,oidc
0,0,0,0,N/A,dhanji,sitebricks
0,0,0,0,N/A,javaparser,javaparser
0,0,0,0,N/A,slimroms,apktool
0,0,0,0,N/A,jbonofre,winegrower
0,0,0,0,N/A,codecentric,spring-boot-starter-batch-web
0,0,0,0,N/A,psnc-dl,darceo
0,0,0,0,N/A,torodb,mongowp
0,0,0,0,N/A,bedatadriven,rebar
0,0,0,0,N/A,seeker,similarimage
0,0,0,0,N/A,fabianishere,broccoli
0,0,0,0,N/A,kawasima,falchion
0,0,0,0,N/A,wgybzbrobot,sina-services
0,0,0,0,N/A,gengyifeng,netcdf-java-hadoop
0,0,0,0,N/A,teamnewpipe,newpipeextractor
0,0,0,0,N/A,sagar-jadhav,spring-boot-microservices
0,0,0,0,N/A,vsfexperts,rbac
0,0,0,0,N/A,sunng87,bason
0,0,0,0,N/A,spedge,hangar
0,0,0,0,N/A,itesla,ipst
0,0,0,0,N/A,heribender,socialdataimporter
0,0,0,0,N/A,stylingandroid,nougat
0,0,0,0,N/A,scassandra,scassandra-server
0,0,0,0,N/A,linkedin,kube2hadoop
0,0,0,0,N/A,rmartico,curso-desarrollo-avanzado-java-tema-pruebas
0,0,0,0,N/A,universum-studios,android_pager_adapters
0,0,0,0,N/A,mapplus,spatial_statistics_for_geotools_udig
0,0,0,0,N/A,jaegertracing,jaeger-analytics-java
0,0,0,0,N/A,brutall,brut.apktool.smali
0,0,0,0,N/A,ybayk,rxjava-recipes
0,0,0,0,N/A,mike10004,antiprint
0,0,0,0,N/A,mozilla-tw,firefoxlite
0,0,0,0,N/A,senbox-org,snap-examples
0,0,0,0,N/A,jbonofre,karaf-boot
0,0,0,0,N/A,apache,falcon
0,0,0,0,N/A,shopzilla,catalog-api-client
0,0,0,0,N/A,schwarzit,andcoachmark
0,0,0,0,N/A,adessoag,jenkinshue
0,0,0,0,N/A,dialogflow,dialogflow-java-client
0,0,0,0,N/A,adobe,experience-platform-etl-reference
0,0,0,0,N/A,yandex-qatools,matchers-java
0,0,0,0,N/A,deeplearning4j,rl4j
0,0,0,0,N/A,estatio,estatio
0,0,0,0,N/A,stamp-project,botsing
0,0,0,0,N/A,f2prateek,progressbutton
0,0,0,0,N/A,eclipse-vertx,vertx-tracing
0,0,0,0,N/A,dbiir,pard
0,0,0,0,N/A,kamilfb,mqtt-spy
0,0,0,0,N/A,jagornet,dhcp
0,0,0,0,N/A,tinkerpop,rexster
0,0,0,0,N/A,arquillian,arquillian-graphene
0,0,0,0,N/A,dianping,dianping-open-sdk
0,0,0,0,N/A,artjimlop,clean-architecture-example
0,0,0,0,N/A,frost373,kitdb
0,0,0,0,N/A,rightmesh,ripple
0,0,0,0,N/A,kejunxia,androidmvc
0,0,0,0,N/A,amino-os,amino.run
0,0,0,0,N/A,weexext,ucar-weex-core
0,0,0,0,N/A,agentgt,jirm
0,0,0,0,N/A,renatoathaydes,osgiaas
0,0,0,0,N/A,eharmony,vw-webservice
0,0,0,0,N/A,leelovejava,springboot-learning
0,0,0,0,N/A,debezium,debezium-incubator
0,0,0,0,N/A,haridaniel,payrollcasestudy
0,0,0,0,N/A,ueboot,ueboot
0,0,0,0,N/A,coreflodev,openchat
0,0,0,0,N/A,owlcollab,owltools
0,0,0,0,N/A,viltgroup,minium
0,0,0,0,N/A,wix-incubator,wix-maven-teamcity-plugin
0,0,0,0,N/A,orange-opensource,ocara
0,0,0,0,N/A,slaclab,datacat
0,0,0,0,N/A,xwiki,xwiki-platform
0,0,0,0,N/A,vmware-archive,thinapp_factory
0,0,0,0,N/A,mercyblitz,confucius-commons
0,0,0,0,N/A,adobe,commerce-cif-connector
0,0,0,0,N/A,fabriziocucci,yacl4j
0,0,0,0,N/A,spring-projects,spring-hadoop-admin
0,0,0,0,N/A,ultrabrew,metrics
0,0,0,0,N/A,chubaostream,joyqueue
0,0,0,0,N/A,klinker41,article-android
0,0,0,0,N/A,spheras,messic
0,0,0,0,N/A,sancha,jrae
0,0,0,0,N/A,gumartinm,javaforfun
0,0,0,0,N/A,dinstone,jrpc
0,0,0,0,N/A,wihoho,dhtcrawler
0,0,0,0,N/A,janusgraph,janusgraph
0,0,0,0,N/A,apache,maven-invoker-plugin
0,0,0,0,N/A,demandcube,scribengin
0,0,0,0,N/A,rlshep,bjcpbeerstyles_android
0,0,0,0,N/A,connectbot,simplesocks
0,0,0,0,N/A,quanturium,bouquet
0,0,0,0,N/A,81813780,dribbbler
0,0,0,0,N/A,howsun,howsun-javaee-framework
0,0,0,0,N/A,mouse0w0,configuration
0,0,0,0,N/A,vlingo,vlingo-examples
0,0,0,0,N/A,aalmiray,javatrove
0,0,0,0,N/A,vmware,admiral
0,0,0,0,N/A,barancev,decorated-webdriver
0,0,0,0,N/A,apache,incubator-streampipes
0,0,0,0,N/A,oracle,opengrok
0,0,0,0,N/A,serso,android-calculatorpp
0,0,0,0,N/A,vbier,habpanelviewer
0,0,0,0,N/A,malinskiy,sheldon
0,0,0,0,N/A,qubole,rubix
0,0,0,0,N/A,aerogear,aerogear-android-sdk
0,0,0,0,N/A,marklogic,marklogic-data-hub
0,0,0,0,N/A,johnmartel,javaccplugin
0,0,0,0,N/A,emilsjolander,sprinkles
0,0,0,0,N/A,jwiesel,sfdccommander
0,0,0,0,N/A,zq2599,blog_demos
0,0,0,0,N/A,mkarneim,beanfabrics
0,0,0,0,N/A,zhshuixian,learn-spring-boot-2
0,0,0,0,N/A,razvansimion,jhipster-kubernetes-istio
0,0,0,0,N/A,merck,halyard
0,0,0,0,N/A,jsonchao,awesome-wanandroid
0,0,0,0,N/A,rmuller,infomas-asl
0,0,0,0,N/A,rcgroot,open-gpstracker
0,0,0,0,N/A,neo4j-contrib,neo4j-tinkerpop-api-impl
0,0,0,0,N/A,cmusphinx,sphinx4
0,0,0,0,N/A,arover,moment
0,0,0,0,N/A,daniellavoie,confluent-microservices
0,0,0,0,N/A,saucelabs,sauce_bindings
0,0,0,0,N/A,epam,htsjdk-s3-plugin
0,0,0,0,N/A,verapdf,verapdf-library
0,0,0,0,N/A,simonscholz,rxswt
0,0,0,0,N/A,hortonworks,nifi-android-s2s
0,0,0,0,N/A,grahamar,cron-parser
0,0,0,0,N/A,jaihirsch,mongodb-java-examples
0,0,0,0,N/A,novoda,notils
0,0,0,0,N/A,camnter,savevolley
0,0,0,0,N/A,connect-solution,connect
0,0,0,0,N/A,extremeprogramming-cn,rtw
0,0,0,0,N/A,pierre,serialization
0,0,0,0,N/A,hanmourang,pinot
0,0,0,0,N/A,apache,incubator-ratis
0,0,0,0,N/A,auth0,react-native-lock
0,0,0,0,N/A,atlasmap,atlasmap
0,0,0,0,N/A,karumi,marvelapiclientandroid
0,0,0,0,N/A,oracle,accs-caching-java-sdk
0,0,0,0,N/A,graphhopper,graphhopper-navigation-android
0,0,0,0,N/A,eclipse,microprofile-conference
0,0,0,0,N/A,ihcf,fatecbot
0,0,0,0,N/A,goldmansachs,jdmn
0,0,0,0,N/A,micromata,projectforge
0,0,0,0,N/A,xfyun,athenaserving
0,0,0,0,N/A,chennaione,sugar
0,0,0,0,N/A,opendatakit,collect
0,0,0,0,N/A,jojozhai,spring-test
0,0,0,0,N/A,wenxinzizhu,geekhalo-ddd
0,0,0,0,N/A,zccodere,study-imooc
0,0,0,0,N/A,dooapp,fxform2
0,0,0,0,N/A,ohmnibus,quick-dice-roller
0,0,0,0,N/A,sjsucmpe275,fluffy
0,0,0,0,N/A,abbaspour,urmia
0,0,0,0,N/A,kentico,kontent-delivery-sdk-java
0,0,0,0,N/A,robeio,robe
0,0,0,0,N/A,code4romania,monitorizare-vot-android
0,0,0,0,N/A,veithen,visualwas
0,0,0,0,N/A,tomaszpolanski,android-modularization
0,0,0,0,N/A,v12technology,fluxtion
0,0,0,0,N/A,jtalks-org,poulpe
0,0,0,0,N/A,sharenowtech,endpoint2mock2
0,0,0,0,N/A,mitre,rhapsode
0,0,0,0,N/A,apress,practical-jsf-java-ee-8
0,0,0,0,N/A,yanglbme,redis-multi-programming-language-practice
0,0,0,0,N/A,primecloud-controller-org,primecloud-controller
0,0,0,0,N/A,egnaf,spring-boot-vue-docker-example
0,0,0,0,N/A,nttdata-emea,cinnamon
0,0,0,0,N/A,dice-group,iguana
0,0,0,0,N/A,opf-labs,planets-contrib
0,0,0,0,N/A,openmrs,openmrs-module-radiology
0,0,0,0,N/A,peholmst,vaadin4spring
0,0,0,0,N/A,hefuyicoder,zhihudaily
0,0,0,0,N/A,hiddenstage,divide
0,0,0,0,N/A,webankfintech,weevent
0,0,0,0,N/A,lukashinsch,spring-boot-actuator-logview
0,0,0,0,N/A,junit-team,junit.contrib
0,0,0,0,N/A,pentaho,pentaho-vertica-bulkloader
0,0,0,0,N/A,tylerbwong,pokebase
0,0,0,0,N/A,deeplearning4j,arbiter
0,0,0,0,N/A,daxiak,mydiary
0,0,0,0,N/A,qihoo360,quicksql
0,0,0,0,N/A,jdeferred,jdeferred
0,0,0,0,N/A,apache,attic-whirr
0,0,0,0,N/A,scm-spain,api-down-checker
0,0,0,0,N/A,leekoko,java-web
0,0,0,0,N/A,freeacs,freeacs
0,0,0,0,N/A,marapapman,violist
0,0,0,0,N/A,ahmed-adel-ismail,owmapp
0,0,0,0,N/A,chenrenfei,sagacity-sqltoy
0,0,0,0,N/A,dbiir,paraflow
0,0,0,0,N/A,othorizon,spring-best-practices
0,0,0,0,N/A,vrk-kpa,rest-adapter-service
0,0,0,0,N/A,puniverse,capsule
0,0,0,0,N/A,aosp-mirror,platform_frameworks_support
0,0,0,0,N/A,aliyun,opentsdb-java-driver
0,0,0,0,N/A,sel-columbia,dristhi-app
0,0,0,0,N/A,eyeseetea,malariapp
0,0,0,0,N/A,microbule,microbule
0,0,0,0,N/A,square,whorlwind
0,0,0,0,N/A,carleslc,simple-yaml
0,0,0,0,N/A,universum-studios,android_preferences
0,0,0,0,N/A,aevi-uk,android-pos-print-api
0,0,0,0,N/A,teovoinea,glifrp
0,0,0,0,N/A,monnoroch,android-testing
0,0,0,0,N/A,oktadeveloper,okta-ionic-crypto-java-sdk-example
0,0,0,0,N/A,learningtcc,dubbox
0,0,0,0,N/A,collabinate,collabinate
0,0,0,0,N/A,seedstack,seed
0,0,0,0,N/A,cmput301w18t16,spaghetticodehq
0,0,0,0,N/A,ctripcorp,apollo
0,0,0,0,N/A,tinkoffcreditsystems,neptune
0,0,0,0,N/A,vladmihalcea,flexy-pool
0,0,0,0,N/A,jiangqqlmj,fastdev4android
0,0,0,0,N/A,huizhong,fantuan
0,0,0,0,N/A,eclipse-ee4j,mail
0,0,0,0,N/A,streetflaneur,rxjavaretrofit
0,0,0,0,N/A,dancojocar,ma
0,0,0,0,N/A,jeefuse,jeefusemda
0,0,0,0,N/A,rxhandson,marketdata
0,0,0,0,N/A,richardradics,mvpandroidbootstrap
0,0,0,0,N/A,100rabhkr,downzlibrary
0,0,0,0,N/A,tumcms,momentum
0,0,0,0,N/A,rub-nds,dtd-attacks
0,0,0,0,N/A,apache,incubator-hudi
0,0,0,0,N/A,wealthfront,kawala
0,0,0,0,N/A,camelcookbook,camel-cookbook-examples
0,0,0,0,N/A,asanzdiego,codemotion-2017-taller-de-jhipster
0,0,0,0,N/A,stadtbern,ki-tax
0,0,0,0,N/A,developjoseph,jca-sockets
0,0,0,0,N/A,cpesch,metamusic
0,0,0,0,N/A,patternfm,tokamak
0,0,0,0,N/A,crossoverjie,netty-learning
0,0,0,0,N/A,keeplingshi,machinelearning
0,0,0,0,N/A,jacek-marchwicki,recyclerview-changes-detector
0,0,0,0,N/A,bakdata,dedupe
0,0,0,0,N/A,chenjy16,gts
0,0,0,0,N/A,google,capillary
0,0,0,0,N/A,inspectit,inspectit
0,0,0,0,N/A,ssilence,scotty
0,0,0,0,N/A,line,clova-cek-sdk-java
0,0,0,0,N/A,v5developer,maven-framework-project
0,0,0,0,N/A,bitronix,btm
0,0,0,0,N/A,magro,memcached-session-manager
0,0,0,0,N/A,openforis,android-ports
0,0,0,0,N/A,kevoree,kevoree
0,0,0,0,N/A,ambition119,flinksql
0,0,0,0,N/A,mianshenglee,my-example
0,0,0,0,N/A,jpmorganchase,tessera
0,0,0,0,N/A,shiehn,treblemaker
0,0,0,0,N/A,linkki-framework,linkki
0,0,0,0,N/A,capitalone,easy-screenshots
0,0,0,0,N/A,apache,maven-plugins
0,0,0,0,N/A,sonarsource,sonarjs
0,0,0,0,N/A,confluentinc,schema-registry
0,0,0,0,N/A,orangesignal,orangesignal-android-camera
0,0,0,0,N/A,kayerikmuench,reqiftools
0,0,0,0,N/A,trello,rxlifecycle
0,0,0,0,N/A,mluukkai,ohjelmistotuotanto2018
0,0,0,0,N/A,fappel,testing-with-junit
0,0,0,0,N/A,lightblue-platform,lightblue-client
0,0,0,0,N/A,mauron85,react-native-background-geolocation
0,0,0,0,N/A,sirensolutions,siren
0,0,0,0,N/A,mock4aj,mock4aj
0,0,0,0,N/A,opentracing-contrib,java-span-reporter
0,0,0,0,N/A,worldpay,java-fpe
0,0,0,0,N/A,netflix,mantis
0,0,0,0,N/A,datacleaner,datacleaner
0,0,0,0,N/A,nilhcem,mobilization-2016
0,0,0,0,N/A,cogcomp,open-eval
0,0,0,0,N/A,awslabs,amazon-neptune-tools
0,0,0,0,N/A,sickmartian,quickreminderwidget
0,0,0,0,N/A,xap,xap
0,0,0,0,N/A,xwiki-contrib,ldap
0,0,0,0,N/A,sockeqwe,adaptercommands
0,0,0,0,N/A,hantsy,ee8-sandbox
0,0,0,0,N/A,treeptik,cloudunit
0,0,0,0,N/A,osgp,protocol-adapter-dlms
0,0,0,0,N/A,ancoron,pg-inet-maven
0,0,0,0,N/A,stephencote,accountmanager
0,0,0,0,N/A,adambien,porcupine
0,0,0,0,N/A,nielsutrecht,controller-advice-exception-handler
0,0,0,0,N/A,chinphing,calculator
0,0,0,0,N/A,openconext-attic,openconext-api
0,0,0,0,N/A,xamoom,morpheus
0,0,0,0,N/A,naturalis,naturalis_data_api
0,0,0,0,N/A,alblue,com.packtpub.e4
0,0,0,0,N/A,hyperledger,quilt
0,0,0,0,N/A,ag-gipp,mathosphere
0,0,0,0,N/A,americanexpress,nodes
0,0,0,0,N/A,stanfy,enroscar-async
0,0,0,0,N/A,neuroph,neurophframework
0,0,0,0,N/A,slem1,saml-angular
0,0,0,0,N/A,tinkerpop,tinkubator
0,0,0,0,N/A,zdirection,ant-media-server
0,0,0,0,N/A,dcache,oncrpc4j
0,0,0,0,N/A,raydac,zxpoly
0,0,0,0,N/A,mahoney,sysout-over-slf4j
0,0,0,0,N/A,gregwhitaker,catnap
0,0,0,0,N/A,dataartisans,da-streamingledger
0,0,0,0,N/A,fharms,java-examples
0,0,0,0,N/A,baoti,pioneer
0,0,0,0,N/A,egovframe,egovframe.rte.3.5
0,0,0,0,N/A,presage,presage2
0,0,0,0,N/A,confluentinc,kafka-rest
0,0,0,0,N/A,zanata,zanata-platform
0,0,0,0,N/A,cloudera,sentry
0,0,0,0,N/A,airsaid,chordview
0,0,0,0,N/A,pokechu22,worlddownloader
0,0,0,0,N/A,xuminwlt,j360-trace
0,0,0,0,N/A,dkpro,dkpro-wsd
0,0,0,0,N/A,d4rken,reddit-android-appstore
0,0,0,0,N/A,dana-i2cat,opennaas
0,0,0,0,N/A,minesjtk,jtk
0,0,0,0,N/A,jianliaoim,talk-android
0,0,0,0,N/A,yandex-disk,yandex-disk-restapi-java
0,0,0,0,N/A,arturvasilov,androidarchitecture
0,0,0,0,N/A,cestella,streaming_outliers
0,0,0,0,N/A,youviewtv,tinydnssd
0,0,0,0,N/A,eclipse-iofog,agent
0,0,0,0,N/A,greysoft,naf
0,0,0,0,N/A,devskiller,jpa2ddl
0,0,0,0,N/A,remychantenay,firebucket
0,0,0,0,N/A,khmarbaise,maui
0,0,0,0,N/A,subins2000,manglish
0,0,0,0,N/A,xwxiaowei,spring-learn
0,0,0,0,N/A,utluiz,spring-examples
0,0,0,0,N/A,eb4j,eb4j
0,0,0,0,N/A,micbrain,kjumpingcube
0,0,0,0,N/A,juanosuna,expressui-framework
0,0,0,0,N/A,botimer,sakai-cle
0,0,0,0,N/A,interledger4j,ilpv4-connector
0,0,0,0,N/A,ylw-github,taodong-shop
0,0,0,0,N/A,spring-projects,spring-data-book
0,0,0,0,N/A,tomsun28,sureness
0,0,0,0,N/A,f2prateek,rx-receivers
0,0,0,0,N/A,hammingweight,gradle-java-ear
0,0,0,0,N/A,apache,incubator-shardingsphere
0,0,0,0,N/A,sematext,actiongenerator
0,0,0,0,N/A,senacor,rxjava-katas
0,0,0,0,N/A,grandcentrix,thirtyinch
0,0,0,0,N/A,javafunk,funk
0,0,0,0,N/A,facebookarchive,swift
0,0,0,0,N/A,jadavchirag,react-native-gpay
0,0,0,0,N/A,spring-projects,spring-integration-extensions
0,0,0,0,N/A,deepsky,sql-code-assistant-
0,0,0,0,N/A,secuso,privacy-friendly-sudoku
0,0,0,0,N/A,jdoing,example
0,0,0,0,N/A,brucechan0921,rocketmq-3.0.8
0,0,0,0,N/A,openhab,openhab1-addons
0,0,0,0,N/A,piasy,yamvp
0,0,0,0,N/A,vizuri,mongo-odm
0,0,0,0,N/A,openhmis,openmrs-module-openhmis.inventory
0,0,0,0,N/A,openmessaging,openmessaging-java
0,0,0,0,N/A,howtoprogram,java-examples
0,0,0,0,N/A,oktadeveloper,okta-spring-boot-angular-auth-code-flow-example
0,0,0,0,N/A,segment-boneyard,backo-java
0,0,0,0,N/A,javaserverfaces,mojarra
0,0,0,0,N/A,google,ground-android
0,0,0,0,N/A,seven332,stage
0,0,0,0,N/A,tzolov,tensorflow-spring-cloud-stream-app-starters
0,0,0,0,N/A,lightblueseas,wicket-js-addons
0,0,0,0,N/A,whummer,java-utils
0,0,0,0,N/A,mr-tan4,openca
0,0,0,0,N/A,h819,spring-boot
0,0,0,0,N/A,stanfy,enroscar
0,0,0,0,N/A,openrock,openig
0,0,0,0,N/A,gingerredjade,flink-userportrait-main
0,0,0,0,N/A,xebia-france,xebicon
0,0,0,0,N/A,skyringh300,loli.io
0,0,0,0,N/A,sandin,fanfou4j
0,0,0,0,N/A,trygvis,javax-usb-libusb1
0,0,0,0,N/A,sunnykaka,mysteam
0,0,0,0,N/A,flowupio,flowupandroidsdk
0,0,0,0,N/A,jcertiflab,jcertif-offline-box
0,0,0,0,N/A,blackbluegl,calendar-component
0,0,0,0,N/A,packtpublishing,full-stack-development-with-jhipster
0,0,0,0,N/A,electroid,pgm
0,0,0,0,N/A,opendaylight,groupbasedpolicy
0,0,0,0,N/A,rsksmart,rskj
0,0,0,0,N/A,gordentam,bloomfilter
0,0,0,0,N/A,intuit,tank
0,0,0,0,N/A,sonarsource,sonar-auth-saml
0,0,0,0,N/A,awk-kazmin,sonar-1c
0,0,0,0,N/A,mike10004,xvfb-manager-java
0,0,0,0,N/A,jkiddo,gmusic.api
0,0,0,0,N/A,edx,edx-app-android
0,0,0,0,N/A,daimler,sechub
0,0,0,0,N/A,gwtbootstrap3,gwtbootstrap3
0,0,0,0,N/A,chrisgleissner,spring-batch-rest
0,0,0,0,N/A,scottyab,rootbeer
0,0,0,0,N/A,b0n541,jskat-multimodule
0,0,0,0,N/A,christian-schlichtherle,truevfs
0,0,0,0,N/A,chronixdb,chronix.timeseries
0,0,0,0,N/A,teofanaenachioiu,university-courses
0,0,0,0,N/A,dbmdz,iiif-presentation-api
0,0,0,0,N/A,ftrossbach,kiqr
0,0,0,0,N/A,eclipse-ee4j,grizzly
0,0,0,0,N/A,hortonworks,ratis
0,0,0,0,N/A,spotify,flytekit-java
0,0,0,0,N/A,mendhak,gpslogger
0,0,0,0,N/A,cutting,trevni
0,0,0,0,N/A,stmicroelectronics,bluestsdk_android
0,0,0,0,N/A,hive2hive,hive2hive
0,0,0,0,N/A,nongdenchet,android-mvvm-with-tests
0,0,0,0,N/A,dins-heisenbug-2016,piggymetrics
0,0,0,0,N/A,tristan971,easyfxml
0,0,0,0,N/A,wiselenium,wiselenium
0,0,0,0,N/A,pkainulainen,gradle-examples
0,0,0,0,N/A,kennycason,kumo
0,0,0,0,N/A,project-sunbird,sunbird-lms-service
0,0,0,0,N/A,kontext-e,jqassistant-plugins
0,0,0,0,N/A,kaimz,learning-code
0,0,0,0,N/A,dotkom,onlineguru
0,0,0,0,N/A,coveros,zap-sonar-plugin
0,0,0,0,N/A,cyclestreets,android
0,0,0,0,N/A,guilai1990,rocketmq-source-code-analysis
0,0,0,0,N/A,sonarqubecommunity,sonar-fortify
0,0,0,0,N/A,appfuse,appfuse-light
0,0,0,0,N/A,geopublishing,atlasframework
0,0,0,0,N/A,datagr4m,org.datagr4m
0,0,0,0,N/A,bijukunjummen,boot2-load-demo
0,0,0,0,N/A,luxoft,fabric-utils
0,0,0,0,N/A,arcbees,teamcity-plugins
0,0,0,0,N/A,rolandkrueger,user-microservice
0,0,0,0,N/A,airsonic,airsonic
0,0,0,0,N/A,delving,delving
0,0,0,0,N/A,dzh,jframe
0,0,0,0,N/A,us-cbp,gtas
0,0,0,0,N/A,camelot-framework,camelot
0,0,0,0,N/A,google,gwtmockito
0,0,0,0,N/A,fabiocollini,daggermock
0,0,0,0,N/A,kousen,spring-framework-essentials
0,0,0,0,N/A,europeana,oai-pmh2
0,0,0,0,N/A,dynamid,jooflux
0,0,0,0,N/A,c4j-team,c4j
0,0,0,0,N/A,getodk,skunkworks-crow
0,0,0,0,N/A,suniper,plum-mesh-agent
0,0,0,0,N/A,camunda,camunda-bpm-platform-osgi
0,0,0,0,N/A,hifileo,mvpexample
0,0,0,0,N/A,haiger,dqueue
0,0,0,0,N/A,liflab,beepbeep-3
0,0,0,0,N/A,pumadong,cl-roadshow
0,0,0,0,N/A,samdjstevens,java-totp
0,0,0,0,N/A,googlesamples,androidtv-sample-inputs
0,0,0,0,N/A,netflix,fenzo
0,0,0,0,N/A,orchsym,runtime
0,0,0,0,N/A,davidchen2014,dubbox-paas
0,0,0,0,N/A,xafero,travelingsales
0,0,0,0,N/A,gzfgeh,rxapp
0,0,0,0,N/A,reb1995,runelite-with-deob
0,0,0,0,N/A,domogik,domodroid
0,0,0,0,N/A,richardwarburton,lambda-behave
9,5,2,30,2020-08-07,geomajas,geomajas-project-client-gwt2
95,30,4,24,2019-04-01,nhn,toast-haste.framework
8,2,1,30,2018-03-23,geckogecko,storj_hoststats_app
79,21,2,30,2024-10-03,gretard,sonar-sql-plugin
59,20,17,30,2024-01-18,networknt,light-eventuate-4j
4,0,1,30,2024-06-21,kh498,bukkitutil
6,7,1,30,2015-08-23,qos-ch,mistletoe
133,20,53,30,2023-07-21,feroult,yawp
93,376,20,30,2021-02-20,devops-dojo,the-app
18,16,5,30,2022-12-14,tmobile,codeless
24,5,1,30,2022-12-11,voxelindustry,brokkgui
14,14,3,30,2016-03-24,uberpay,uberpay-wallet
105,40,12,30,2022-11-16,daggerok,spring-5-examples
31,7,5,30,2022-07-01,jhorstmann,i18n
60,17,0,30,2013-04-10,sgroschupf,katta
136,72,10,12,2023-12-17,jorrellz,jetfirecloud
783,186,20,30,2023-02-28,linkedin,url-detector
116,40,5,8,2021-06-07,omerbsezer,cnn-ta
40,29,7,30,2017-12-15,flipkart-incubator,spark-transformers
1812,649,159,30,2025-01-02,velocitypowered,velocity
8,3,36,30,2024-07-15,nlcr,komplexni-validator
22,12,0,30,2013-03-23,copiousfreetime,mp4parser
14,25,0,10,2015-09-30,smillidge,cargotracker-j12015
573,121,8,30,2024-12-30,hzxie,voj
8,11,0,30,2020-04-20,ucd2016comp20010,datastructures
6,10,3,29,2013-02-04,fciubotaru,z-pec
10,17,11,30,2023-06-01,openmf,mifos-chatbot
80,22,2,30,2017-03-27,tzolov,calcite-sql-rewriter
150,21,3,30,2015-05-26,tannerperrien,picasso-transformations
53,13,1,8,2014-04-08,android10,inside_android_testing
48,13,25,30,2024-12-19,alcidauk,cinelog
9,97,0,10,2016-05-09,srctips,maven-course-content
1137,387,2,30,2024-12-24,marcosbarbero,spring-cloud-zuul-ratelimit
6,0,0,30,2015-03-02,ktunaxa,rms
161,74,20,30,2022-11-15,qos-ch,logback-extensions
6,13,108,30,2021-05-08,obiba,onyx
152,50,15,30,2022-12-16,fluxtream,fluxtream-app
30,6,0,30,2018-05-03,kaif-open,kaif-android
173,48,23,30,2022-06-25,statefulj,statefulj
77,13,64,30,2025-01-13,powsybl,powsybl-single-line-diagram
37,7,3,30,2024-09-22,3cky,bkemu-android
356,26,13,30,2018-12-03,uber,rave
64,27,1,30,2022-01-17,spring-projects,spring-data-graph
64,40,8,30,2023-04-10,xiaomi,galaxy-sdk-java
6,4,12,30,2015-06-12,itm,wsn-device-drivers
1,0,0,8,2024-01-11,pi4j,pi4j
198,66,3,7,2018-12-20,neoremind,2018-polar-race
24,45,0,30,2024-12-28,bonitasoft,bonita-web
46,24,1,30,2022-10-19,jamling,quickaf
25,6,1,30,2019-03-30,mozilla-metrics,grouperfish
123,32,10,30,2023-02-03,liquigraph,liquigraph
12,3,0,11,2014-08-01,loldevs,lol-spec
9,10,0,7,2017-11-17,tangaiyun,netty-resteasy-spring
22,18,18,30,2018-07-03,i8c,sonar-flow-plugin
1,0,0,30,2024-11-21,coevalencia,codingdojo
126,49,2,30,2024-12-23,prisonteam,prison
59,31,1,30,2016-07-01,kevinherron,opc-ua-stack
207,44,0,30,2020-12-15,xenione,swipe-maker
175,47,8,30,2024-12-10,netflix,nicobar
13,6,39,30,2023-11-05,glotaran,glotaran-legacy
9,4,26,30,2023-05-17,eishub,eis
2587,273,10,30,2020-02-28,facebookarchive,device-year-class
68,24,11,30,2020-02-04,55minutes,fiftyfive-wicket
44,67,4,30,2017-12-06,wso2,product-as
3181,427,62,30,2024-07-28,elvishew,xlog
1886,300,45,30,2024-12-21,mewx,light-novel-library_wenku8_android
1111,889,49,30,2025-01-13,resteasy,resteasy
1174,210,55,30,2024-07-25,ahmetaa,zemberek-nlp
174,79,18,30,2019-01-10,sotera,distributed-graph-analytics
11,12,2,30,2016-05-26,codenvy-legacy,cli
239,46,9,30,2021-09-29,pedrovgs,androidgameboyemulator
9,7,1,30,2017-12-04,sonarqubecommunity,sonar-generic-coverage
8,1,0,3,2017-12-05,alecalanis,session-to-cookie
5158,846,18,30,2018-12-17,square,otto
20,8,2,30,2022-03-23,intappx,vertx-guice
15,5,1,30,2021-03-11,kyson,methodcanary
22,41,0,10,2018-06-10,apress,beg-hibernate-4ed
8,0,0,30,2018-08-05,sanjiva,ballerina
10,3,0,30,2020-06-18,neuland,firefly
164,103,42,30,2025-01-13,stapler,stapler
41,23,9,30,2022-04-30,malaysiaprayertimes,android
29,11,1,30,2016-06-08,milinda,samza-sql
30,6,4,30,2018-04-23,yongjhih,rxfirebase
431,440,24,30,2025-01-01,apache,ant
24,0,7,30,2023-10-07,mucaho,jnetrobust
421,343,25,30,2017-06-25,itstamen,rop
179,63,25,30,2022-12-14,360jinrong,chronus
41,43,206,30,2025-01-09,genome-nexus,genome-nexus
22,2,0,30,2015-03-09,sebastiangraf,treetank
6,4,3,30,2020-10-13,drugis,drugis-common
231,15,1,30,2020-10-12,traneio,future
29,8,3,30,2025-01-08,phax,peppol-commons
26,8,12,30,2016-11-17,anyflow,lannister
21,8,8,17,2018-10-17,presidentio,teamcity-matrix-build-plugin
29,10,3,30,2021-10-11,stephenh,joist
5,1,0,30,2020-04-24,usharik,seznamslovnik
10,4,0,30,2023-02-03,shred,flattr4j
32,14,4,22,2024-10-23,awslabs,analyzing-text-with-amazon-elasticsearch-service-and-amazon-comprehend
222,24,8,30,2023-04-09,zendesk,android-db-commons
6,5,15,30,2020-10-14,literalplus,commandblockerultimate
7,8,4,30,2023-03-20,dma-enav,e-navigation
21,11,0,1,2015-08-23,androidsdksources,android-sdk-sources-for-api-level-23
7,2,0,30,2012-04-10,dtdojo,dtdojo
21,16,1,30,2019-01-22,openehr,gdl-tools
24,11,0,30,2024-12-11,sonarsource,sonar-analyzer-commons
86,15,16,30,2024-03-05,hotelsdotcom,circus-train
28,38,2,30,2013-12-02,hank,litecoinj
1790,490,3,30,2021-09-14,fossasia,open-event-organizer-android
11,1,3,9,2019-11-13,givoli,technionnli
290,64,7,30,2023-04-15,h3xstream,http-script-generator
210,100,448,30,2019-02-04,javaee,jaxb-v2
6,7,0,27,2022-07-08,spring-projects,spring-mobile-urbanairship
34,12,1,5,2019-02-22,ctripcorp,caravan
1067,320,87,30,2024-01-19,psiegman,epublib
36,16,0,2,2017-05-21,worgent,weixin-membercard
15,3,0,7,2018-10-29,nutb,feiyoung
97,45,9,30,2024-10-23,senbox-org,s2tbx
368,165,316,30,2025-01-03,eclipse,rdf4j
41,48,0,30,2019-06-25,mahakaggarwal,android-developer-fundamentals-version-2
30,10,1,30,2024-10-03,ricksbrown,cowsay
14,14,17,30,2024-11-23,nortal,j-road
14,4,7,30,2015-09-15,citiususc,composit
211,36,65,30,2024-12-22,mediathekview,zapp
104,10,1,24,2018-04-25,robertoestivill,intentbuilder
83,13,7,30,2024-07-10,gengstrand,clojure-news-feed
76,17,0,30,2018-09-18,aolarchive,chronos
20,8,0,30,2019-12-20,e-ucm,eadventure
5,23,72,30,2024-12-18,connexta,admin-console
8,4,11,30,2022-06-29,thulab,iotdb-kairosdb
29,40,0,30,2025-01-07,opendaylight,mdsal
41,16,31,30,2025-01-13,premium-minds,billy
3717,531,23,30,2025-01-13,lukas-krecan,shedlock
7,2,0,30,2015-07-29,omerozkan,vipera
18,8,1,30,2023-12-17,wjggwm,webside
9,9,0,3,2015-01-16,linkedin,mtbt
113,21,4,30,2021-09-24,beijunyi,parallelgit
10,4,6,30,2023-06-15,threadly,auroraarc
15,17,0,19,2014-12-22,yiyongfei,jea
6,6,8,30,2018-05-29,plenprojectcompany,plen-plenconnect_android
122,85,2,6,2016-03-09,sercxtyf,onboard
170,85,0,30,2024-04-01,chaokunyang,jkes
8,9,14,30,2017-09-26,dorsetproject,dorset-framework
10,7,9,30,2023-01-26,palo-m,androboinc
5,2,0,30,2012-02-10,katasource,maera
8,2,0,30,2023-11-11,perunlabs,jsolid
9,0,0,26,2016-10-17,gnosygnu,xowa_android
1089,413,56,30,2022-12-06,ucargroup,datalink
392,31,22,30,2023-05-26,tinkoffcreditsystems,decoro
184,260,55,29,2023-08-31,amzn,fire-app-builder
22,1,39,30,2019-01-09,comsysto,jumbodb
26,32,5,30,2024-11-08,worldpay,hybris
422,58,2,30,2016-06-22,pocmo,android-network-intents
263,100,16,30,2025-01-03,miso-lims,miso-lims
10,3,0,30,2018-06-30,sgc109,lifekau
24,14,0,30,2022-06-28,protonail,leveldb-jna
28,17,5,30,2018-07-09,seqware,seqware
98,37,19,30,2018-11-21,qcri-social,aidr
44,15,1,30,2022-04-12,guuuuo,dubai
99,10,12,30,2023-09-02,bastienpaulfr,treessence
18,6,8,30,2023-03-06,faucet-pipeline,faucet-pipeline-spring-boot-starter
28,17,10,30,2021-08-17,httpcache4j,httpcache4j
522,102,121,30,2022-06-21,boonproject,boon
7,3,12,30,2016-03-27,ylogx,ccdroid
734,283,0,30,2024-09-30,robo-code,robocode
60,14,37,30,2018-08-11,openhft,chronicle-accelerate
9,7,24,30,2025-01-13,sklintyg,webcert
222,60,1,30,2021-03-19,javaee,grizzly
190,171,10,30,2023-11-01,opensmpp,opensmpp
51,42,5,30,2022-05-30,headwirecom,aem-solr-search
7,2,0,30,2011-02-19,imr,electric-vlsi
1599,1116,390,30,2025-01-07,spigotmc,bungeecord
21,0,4,25,2019-02-23,mbramwell1,geofire-android
69,29,13,30,2022-12-14,zzt93,syncer
7,36,5,30,2020-10-16,mwsobol,sorcer
23,6,0,30,2015-12-03,opensilk,syncthingandroid
17,2,2,30,2024-12-05,sebhoss,storage-units
148,149,0,30,2017-03-23,tangyanbo,springmore
18,19,0,2,2017-02-03,ljvblfz,proficient-in-spring-4.x
24,11,0,18,2018-10-10,jeffhollan,functions-test-samples
66,23,0,17,2018-06-09,zhangjianhao,remotecontroler
41,21,2,30,2023-03-06,nikoloutsos,aueb-projects
131,71,1,30,2020-02-11,apache,hama
8,2,1,30,2016-03-05,simonpercic,waterfallcache
7,2,1,30,2016-06-25,aashrai,get-to-work
30,7,4,30,2018-08-28,leonardoxh,keystore-ultimate
1780,728,409,30,2024-12-23,vaadin,framework
11,3,0,17,2011-05-08,opentrader,opentrader.github.com
283,52,3,30,2023-04-01,patrickfav,armadillo
26,34,4,30,2022-06-21,tuacy,java-study
256,72,46,30,2011-11-22,cucumber-attic,cuke4duke
11,51,1,30,2018-03-12,ddoa,dea-code-examples
101,20,1,30,2018-06-23,kaiwinter,android-remote-notifications
8,5,40,30,2024-12-28,zanata,zanata-mt
730,368,16,30,2025-01-12,eclipse,californium
1,0,0,30,2019-07-17,calypsonet,keyple-java
9,6,1,30,2023-12-16,apache,servicemix4-specs
21,3,3,30,2012-05-12,pyricau,funkyjfunctional
15,5,13,30,2017-12-07,centauricloud,centauricloud
28,30,0,30,2021-09-17,fdelmazo,7507-algo3
48,136,181,30,2022-12-14,liferay,com-liferay-commerce
9,8,1,12,2017-05-18,cmri,bc-hadoop2.0
33,16,5,30,2023-12-15,robot-head,pixelpusher-java
8,3,33,30,2024-10-23,eppic-team,eppic
8,0,0,30,2018-07-29,davidbecker,taloonerrl
17,9,1,30,2015-01-07,jberkel,whassup
7,3,22,30,2023-08-15,bestsolution-at,maven-osgi-plugin
103,41,21,30,2021-07-09,openapi4j,openapi4j
30,15,0,30,2014-09-17,d-rep,url-shortener
183,50,88,30,2025-01-06,renekrie,querqy
51,25,1,30,2024-08-01,boecker-lab,sirius-libs
27,18,0,30,2020-11-18,voipgrid,vialer-android
37,5,2,30,2021-03-25,zidoshare,coffee-spring-boot-builder
116,96,317,30,2023-12-22,molgenis,molgenis
5,4,5,30,2014-01-04,kalecser,jpatchaca
8,4,1,30,2019-03-14,openwebnet,rx-openwebnet
315,74,28,30,2024-01-18,networknt,light-oauth2
10,5,14,30,2019-06-13,artificialrevelations,fp-workshop-jvm
459,137,104,30,2024-12-13,eclipse,hono
7,2,0,30,2020-05-21,swaechter,fhnw
55,11,22,30,2020-12-01,snobotsim,snobotsim
240,120,83,30,2021-10-04,mapbox,mapbox-plugins-android
47,39,68,30,2020-08-30,ops4j,org.ops4j.pax.runner
12,3,26,30,2021-12-07,drbookings,drbookings
6,4,7,30,2022-06-10,exoplatform,xcmis
54,12,37,30,2024-10-07,btrplace,scheduler
127,82,3,30,2023-01-12,oktadeveloper,jhipster-microservices-example
12,16,0,30,2018-03-28,vitaly-chibrikov,otus_java_2017_11
22,6,1,30,2020-12-03,ibm,reactive-components
16,7,0,14,2017-07-28,stylingandroid,architecturecomponents
136,41,14,30,2023-07-21,nurkiewicz,reactor-workshop
15,28,5,30,2020-10-13,henri-tremblay,deadlocklabjavaone2012
22,23,22,30,2018-05-31,cloudera,navigator-sdk
338,79,10,30,2024-05-16,xuyisu,fw-spring-cloud
480,59,27,30,2023-04-10,netflix,iceberg
179,217,22,30,2022-04-04,spring-projects,spring-xd-samples
64,5,4,30,2023-09-27,cretz,pgnio
419,479,100,30,2022-11-29,spring-projects,spring-security-saml
111,23,25,30,2022-07-07,ujmp,universal-java-matrix-package
16,9,7,30,2023-11-20,irods-contrib,idrop
59,34,2,30,2019-06-07,twitter-archive,bookkeeper
114,25,22,30,2025-01-13,faltenreich,diaguard
7,4,3,30,2020-10-13,jaroslav-kuchar,rcba
7,2,3,30,2018-02-26,piraso,piraso
49,15,10,30,2016-06-11,emmaguy,wear-notify-for-reddit
1278,175,277,30,2024-09-24,maks,mgit
5,4,0,30,2018-10-23,jasonandy,spring-core
408,115,36,30,2025-01-04,jrtom,jung
15,2,3,30,2023-04-17,teamspoon,cyc_jrtl_with_commonlisp
3,3,0,30,2017-06-06,skhalifa,qdrill
6,4,0,30,2011-08-30,chandraonline,simple-spring-memcached
56,20,1,30,2021-03-12,jaapcoomans,spring-boot-modules
46,42,7,30,2018-05-07,googlecloudplatform,cloud-trace-java
107,37,0,5,2018-11-02,yuantiku,new-bull
14,6,0,8,2021-09-28,identiv,ts-cards
9,7,10,30,2022-10-04,wangjiangtao2,netty-4.1.31.final
9,7,0,13,2019-06-06,isel-leic-mpd,jingle
25,6,14,30,2018-05-23,qaware,gradle-cloud-deployer
158,30,188,30,2025-01-13,lsfusion,platform
16,4,1,16,2017-10-19,noseka1,vertx-aws-lambda
13743,3837,632,30,2024-12-28,eclipse,deeplearning4j
11,74,3,30,2016-08-30,tdd-elevator-training,tetris
26,4,12,30,2017-01-25,scottmansfield,widow
336,133,56,30,2024-07-02,arcbees,gwtp
10,3,2,30,2017-04-24,hpadmanabhan,rdrand-util
2163,1590,34,30,2018-04-05,zhangkaitao,es
6,3,0,23,2017-12-07,flychao88,dubbocloud
22,10,2,30,2014-08-26,lveci,nest
187,78,0,30,2025-01-13,shalousun,applicationpower
1358,192,1,30,2021-03-22,greenrobot,essentials
6,1,117,30,2016-09-18,soi-toolkit,soi-toolkit-mule
10,55,2,30,2025-01-13,pentaho,mql-editor
66,12,1,30,2020-09-18,lkorth,device-automator
361,84,21,30,2022-12-06,nuls-io,nuls
725,280,161,30,2025-01-13,jan-molak,jenkins-build-monitor-plugin
13,4,37,30,2021-10-13,powsybl,powsybl-gse
9,7,2,30,2022-10-19,stardogventures,starwizard
11,6,8,30,2024-01-06,dice-group,ld2nl
127,76,39,30,2025-01-13,jberet,jsr352
137,105,4,30,2024-03-18,blazemeter,jmeter-bzm-plugins
21,12,4,30,2014-01-16,opensciencemap,vectortilemap
45,26,82,30,2025-01-12,ceskaexpedice,kramerius
71,26,125,30,2024-10-18,deptofdefense,androidtacticalassaultkit-civ
50,16,1,30,2024-10-08,openhft,chronicle-decentred
9,1,9,30,2014-10-06,searchisko,mbox_tools
266,155,36,30,2024-12-06,jensgerdes,sonar-pmd
41,18,11,30,2016-03-02,gvsigassociation,gvnix
82,39,3,30,2020-10-13,astefanutti,metrics-aspectj
2769,573,270,30,2024-08-15,sannies,mp4parser
11,4,0,30,2017-09-11,bhits,pcm-api
152,58,25,30,2021-10-27,oneops,oneops
40,51,7,30,2021-02-25,redhat-developer,rh-che
16,8,1,30,2018-08-15,jdillon,gshell
17,8,0,30,2017-04-28,apache,etch
115,33,7,30,2020-08-10,adriancretu,beacons-android
23,9,19,30,2019-07-06,openbw,bwapi4j
70,13,2,30,2020-01-21,ypresto,timbertreeutils
30,5,5,30,2022-08-22,sane-city,wot-servient
9,3,0,19,2019-05-06,brunobat,java-framework-compare
15,3,5,30,2024-10-03,kekru,iliasdownloader2
10,3,6,30,2022-11-19,dkpro,dkpro-keyphrases
157,66,32,30,2023-12-16,skyscreamer,yoga
783,761,14,30,2025-01-08,rieckpil,blog-tutorials
10,9,0,30,2018-03-07,githubraju,https-github.com-eugenp-tutorials
50,18,7,30,2017-02-24,zutherb,appstash
10,20,0,16,2015-10-16,kuzavas,ephesoft
131,29,0,30,2024-01-28,gstraube,cythara
25,16,6,30,2022-12-15,burris,dwr
12,8,131,30,2017-05-18,cloud-software-foundation,c5
8,4,46,30,2025-01-13,dica-developer,weplantaforest
41,4,1,30,2019-03-24,ulordchain,ulord-sidechain
8,10,15,30,2020-06-05,bounswe,bounswe2017group10
5483,842,27,30,2022-03-09,sockeqwe,mosby
27,60,4,30,2025-01-13,exoplatform,ecms
106,81,5,30,2018-12-11,apache,incubator-retired-htrace
13,7,0,6,2010-12-29,chrismattmann,solrcene
351,66,158,30,2022-11-12,simlu,voxelshop
41,12,9,30,2016-11-29,rholder,fauxflake
20,10,0,30,2017-07-19,gajen0981,fhir-server
21,17,0,13,2017-05-19,willhaben,blog
10,6,0,30,2013-10-21,rmannibucau,diagram-generator-parent
5596,1317,1605,30,2025-01-13,apache,incubator-pinot
291,128,47,30,2025-01-02,uber,rides-android-sdk
10,5,84,30,2022-12-10,fridujo,spring-automocker
392,16,0,30,2017-10-12,hansenji,pocketknife
259,100,10,30,2022-11-15,haydikodlayalim,spring-examples
197,226,47,30,2024-06-27,restcomm,jss7
15,2,0,9,2017-05-05,holidaycheck,recyclerviewinjectoradapter
1394,444,51,30,2024-10-25,dremio,dremio-oss
38,18,4,30,2017-11-11,baifendian,swordfish
40,33,7,30,2020-07-06,ryuzakikk,notecrypt
15,14,1,30,2016-02-17,dianping,dolphin
10,3,2,30,2022-11-01,alexcustos,linkasanote
331,219,62,30,2024-05-15,ippontech,tatami
13,1,0,30,2016-10-16,akhahaha,firebomb-java
10,0,0,30,2020-05-14,code4everything,wanna-spring
26,32,2,1,2021-03-03,apress,beginning-spring-5
19,14,0,30,2014-07-23,pdyraga,spring-batch-samples
30,7,1,30,2025-01-02,klamann,maps4cim
31,14,30,30,2016-04-14,cumulusrdf,cumulusrdf
36,19,8,30,2022-06-28,racodond,sonar-gherkin-plugin
16,13,12,30,2022-02-28,isa-tools,bioinvindex
182,22,13,30,2016-08-19,sockeqwe,sqlbrite-dao
16,12,2,30,2020-11-12,cf-platform-eng,kafka-service-broker
7,6,12,30,2019-08-31,raspinloop,raspinloop
32,22,2,30,2019-04-07,cryxli,sr201
10,4,0,30,2017-04-02,crowdcode-de,spring-cloud-performance-tuning
27,3,2,30,2024-10-03,vsfexperts,latex
30,6,0,30,2015-04-18,qi4j,qi4j-core
137,39,2,30,2018-11-14,cloudera,kitten
94,32,6,30,2022-04-28,dice-group,nliwod
6,4,0,30,2012-10-25,genjosanzo,mule-devkit
41,41,13,30,2023-02-22,remibantos,jeeshop
77,12,0,16,2023-04-19,0xzhangke,glide-note
4987,2259,361,30,2024-12-12,brianfrankcooper,ycsb
521,63,29,30,2025-01-13,baremaps,baremaps
66,30,0,13,2018-10-09,b2stry,sell
676,310,0,30,2018-04-20,jameszbl,java_design_patterns
13,8,0,30,2018-09-17,chenhaoxiang,spring-boot-shiro
40,22,2,15,2019-03-08,jwilsoncredera,profiles-blog
11,9,12,30,2018-11-08,openzipkin-attic,zipkin-azure
109,55,10,30,2022-11-16,llofberg,kafka-connect-rest
239,73,65,30,2021-12-24,thialfihar,apg
2239,247,0,30,2024-11-12,proninyaroslav,libretorrent
883,240,69,30,2024-07-13,superblaubeere27,obfuscator
11,10,3,30,2018-01-11,opennaru-dev,khan-session
73,12,4,30,2017-07-13,jsaund,rxuploader
22,12,0,13,2016-02-08,boozallen,cognition
11059,2204,180,30,2024-08-04,lingochamp,filedownloader
26,12,54,30,2021-05-29,gelin,weather-notification
5,12,0,16,2018-10-24,bedatadriven,renjin-examples
115,97,269,30,2024-05-20,controlsystemstudio,cs-studio
13,3,1,30,2023-02-22,eiichiro,prodigy
53,27,12,30,2023-12-16,apache,directmemory
27,10,3,30,2024-08-19,aioaneid,uzaygezen
15,22,8,30,2019-02-27,apptik,justjson
5,17,0,30,2020-10-04,pedrojoya,studio
151,40,41,30,2019-01-30,recommenders,rival
512,244,10,30,2025-01-09,hibernate,hibernate-search
12,12,0,3,2015-10-15,liuhouer,wxqyh
24,11,16,30,2018-08-21,sagap,sonar-solidity
3170,882,171,30,2025-01-09,enginehub,worldedit
139,88,2,30,2020-09-18,ehcache,ehcache3-samples
85,44,0,30,2022-09-20,spoonlabs,spoon-examples
7,3,0,30,2015-12-11,valterkasper,movie-recommendation
135,12,5,30,2016-07-15,sixpack,sixpack-java
11,5,15,30,2019-07-31,zionsoft,obadiah
21,42,6,30,2022-06-14,epam,gepard
35,17,5,30,2017-03-31,digitaltwin,steam-turbine-tutorial
848,550,132,30,2025-01-06,enginehub,worldguard
9,4,0,10,2022-09-12,nayuki,json-library-java
7,10,1,30,2015-04-01,mind-tools,mind-compiler
120,88,9,30,2020-07-25,apache,sentry
12,0,0,30,2019-05-30,isel-leic-mpd,mpd-2018-i41d
7,8,4,30,2022-09-15,kw217,sax2j
321,201,0,30,2024-11-28,hibernate,hibernate-ogm
118,18,0,29,2016-11-12,dvoiss,sensorannotations
4253,673,163,30,2025-01-13,awslabs,djl
13,15,12,30,2017-01-30,openntf,javascriptaggregator
10,7,0,30,2015-05-23,matemagyari,reference-ddd-blackjack
576,74,78,30,2022-07-07,redpen-cc,redpen
25,4,1,30,2016-10-22,manuel-mauky,fluxfx
26,9,1,19,2020-01-22,ronenhamias,raft-leader-election
351,168,3,30,2016-03-23,cloudifysource,cloudify
23,15,0,30,2017-03-22,pratamawijaya,blogreader
5,3,13,30,2015-11-07,hotware,hibernate-search-genericjpa
901,469,159,30,2022-12-28,jenkinsci,java-client-api
722,472,50,30,2024-07-17,apache,oozie
16,8,0,30,2021-03-18,geomatys,constellation
81,194,85,30,2023-11-14,codenjoyme,codenjoy
66,35,33,30,2024-12-03,takari,takari-lifecycle
137,17,3,30,2021-09-29,dodie,scott
107,27,18,30,2022-12-16,dschulten,hydra-java
9,3,5,30,2014-01-31,uchan-nos,c-helper
13,5,0,30,2018-01-13,waynedgrant,android-appwidget-cirrus
29,2,1,11,2021-11-04,andnexus,android-testing
9,8,13,30,2015-01-23,datacleaner,analyzerbeans
413,225,32,30,2025-01-13,knowagelabs,knowage-server
3364,844,85,30,2023-10-25,kevinsawicki,http-request
10,7,28,30,2020-01-24,gyrodraw,gyrodraw
1687,344,68,30,2021-10-11,opentracing,opentracing-java
163,50,2,30,2024-01-05,oasisfeng,deagle
13,10,27,30,2020-10-12,maritimeconnectivityplatform,maritimecloud
10,1,0,30,2015-10-02,lumenrobot,relex-id
48,25,1,30,2019-03-14,masatoshitada,spring5-boot2-handson
7,3,0,30,2017-02-17,hawka11,pure-fsm
38,15,3,30,2015-09-12,palominolabs,metrics-new-relic
5,3,1,23,2013-07-23,bpt-nh,complexeventprocessingplatform
166,68,43,30,2023-06-15,splicemachine,spliceengine
5,5,2,30,2015-10-18,multibit-legacy,brit-service
19,1,0,23,2017-04-25,adambien,perceptor
9,1,1,15,2016-05-17,ti8m,react-native-ibeacon-android
8,4,0,30,2018-02-01,jardo-51,user_module
80,18,14,30,2022-03-10,graylog-labs,graylog-plugin-metrics-reporter
380,108,19,30,2024-07-01,nationalsecurityagency,timely
1416,480,107,30,2025-01-13,owntracks,android
73,10,1,18,2022-03-22,florina-muntenescu,reactiveburgers
1221,192,10,30,2020-10-12,peter-lawrey,java-chronicle
8,2,8,30,2022-10-12,ata-cloud,bazooka
12,3,0,30,2013-02-18,zvrablik,tomcatinfinispansessionmanager
13,26,2,30,2015-01-21,svn2github,ehcache
21,17,3,30,2023-08-23,javaee-security-spec,security-proposals
448,73,27,30,2024-03-13,google,walt
3051,1288,297,30,2025-01-09,qos-ch,logback
37,13,5,30,2022-09-22,dma-ais,aisabnormal
236,67,21,30,2023-02-22,asqatasun,asqatasun
47,21,6,30,2022-07-07,jdmp,java-data-mining-package
14,2,39,30,2022-10-04,snuspl,dolphin
554,278,96,30,2025-01-08,haiwen,seadroid
7,19,6,30,2018-05-24,csc480-18s,red-team
9,5,21,30,2020-10-12,almende,dialog
24,9,3,30,2017-01-31,arturvasilov,sqlite
7,3,0,23,2012-03-22,xtructure,xnet-public
16,10,2,30,2020-02-26,activiti,activiti-cloud-modeling-service
135,92,14,30,2025-01-03,difi,oxalis
73,56,1,30,2019-01-03,fcrepo3,fcrepo
11,1,3,30,2014-07-03,ribot,pig
23,22,2,9,2020-10-13,pentaho,kettle-storm
22,10,0,4,2017-09-15,xiiiblue,zen-scaffold
115,88,24,30,2025-01-05,banmanagement,banmanager
78,168,0,30,2019-04-30,spring-projects,spring-framework-issues
6,2,0,30,2017-11-14,sematext,opentracing-materials
963,133,29,30,2023-01-23,atilika,kuromoji
5,2,0,30,2018-09-22,qubiclite,qlite.lib.java
56,10,13,30,2018-08-28,renepickhardt,metalcon
35,17,2,30,2024-03-19,ingenico-epayments,connect-sdk-client-android
836,205,168,30,2024-12-06,tensorflow,java
48,24,13,30,2022-06-28,racodond,sonar-css-plugin
62,18,3,30,2020-02-02,extjfx,extjfx
95,104,31,30,2023-04-18,apache,incubator-atlas
19,42,0,30,2024-03-13,opendaylight,coretutorials
186,32,1,16,2017-04-18,hitherejoe,androidtvboilerplate
18,10,13,30,2024-08-01,dschadow,applicationintrusiondetection
551,129,79,30,2024-06-01,ashald,envfile
5,3,1,8,2020-02-28,sap-archive,xliff-1-2
7,1,0,30,2018-02-01,philipwhiuk,q-mail
68,37,5,30,2023-10-08,ffpojo,ffpojo
12,8,18,30,2022-12-16,asarkar,spring
185,164,26,24,2022-12-10,jiangrongbo,mybatis-book
1209,84,1,17,2018-01-03,tumblr,graywater
5,1,0,1,2011-01-20,quercus,quercus-ldap
19,7,1,30,2024-11-10,sfuhrm,sudoku
951,219,18,30,2024-10-25,qaprosoft,carina
141,44,7,30,2011-11-29,s4,s4
736,95,22,30,2024-05-02,shevek,jarjar
29,7,3,30,2013-03-27,sbliven,biojava
1235,375,337,30,2024-09-13,opensagres,xdocreport
29,15,0,30,2024-10-20,eclipse,keti
31,17,14,7,2021-03-31,1160300314,software_construction
20,22,19,30,2022-01-06,peshkira,c3po
169,75,8,6,2022-05-20,caowenliang,sonar-pmd-p3c
10,5,3,22,2021-06-04,jshiftio,buildah-java
44,14,2,30,2018-10-18,osiris-indoor,osiris
24,5,1,30,2021-11-03,kant2002,ghidra
15,3,1,30,2024-12-05,alt236,easycursor---android
11,15,0,30,2019-03-10,otaviojava,acelera-dev-sp-2019
2476,483,39,30,2024-12-24,netflix,archaius
6,3,0,30,2014-01-21,arnobroekhof,openid-server
418,239,265,30,2017-07-11,lumifyio,lumify
575,120,42,30,2024-08-21,gazlaws-dev,codeboard
6757,2311,591,30,2025-01-13,apache,incubator-iceberg
12,10,0,30,2013-04-05,mediashelf,fedora-client
24,3,0,28,2016-11-08,emptywalker,purchasingplatform
29,20,2,30,2018-12-22,nschlimm,playground
44,60,2,30,2020-01-14,apache,attic-ode
51,17,22,30,2020-11-03,pwittchen,neurosky-android-sdk
6,2,0,30,2015-04-21,bcdev,smos-box
44,10,10,30,2020-10-13,webauthn4j,keycloak-webauthn-authenticator
81,87,34,30,2024-07-29,jacorb,jacorb
3010,1147,132,30,2022-10-20,ltsopensource,light-task-scheduler
342,72,68,30,2022-07-07,modernmt,modernmt
5,7,1,30,2011-06-08,grantcermak,spring-security-kerberos-with-activedirectory
6,16,0,3,2014-05-22,zqhxuyuan,flume-kafka-storm
5,9,4,30,2019-01-04,cylankj,iotkit-app-android
8,7,42,30,2024-12-27,neomatrix369,restapiunifier
34,12,40,30,2024-10-07,baderlab,enrichmentmapapp
375,82,25,30,2023-03-08,flaxsearch,luwak
647,384,14,30,2022-07-01,gwenshap,kafka-examples
31,29,0,30,2018-11-26,cuiods,wifiprobe
99,27,1,30,2017-05-26,hoangkien0705,android-utilcode
63,40,7,24,2023-11-20,packtpublishing,architecting-modern-java-ee-applications
954,283,399,30,2024-09-23,nextgenhealthcare,connect
155,34,20,30,2023-06-21,kamikat,moshi-jsonapi
93,14,6,30,2023-12-05,opencredo,concursus
44,30,43,30,2019-01-30,bazelbuild,migration-tooling
9,7,0,19,2014-10-17,pivotal-legacy,spring-social-strava
429,197,16,30,2024-12-20,manoelcampos,cloudsim-plus
822,94,239,30,2025-01-13,renyuneyun,easer
1696,534,23,30,2024-08-09,microsoft,cdm
28,6,6,30,2021-10-04,ealva-com,ealvatag
13,6,1,30,2016-10-21,dinocore1,miniweb
33303,10918,134,30,2024-07-24,xkcoding,spring-boot-demo
1173,210,36,30,2020-01-22,twitter,ambrose
143,88,35,30,2024-12-16,zsmartsystems,com.zsmartsystems.zigbee
92,38,4,10,2022-06-21,hcychao,springbootandorder
8,4,0,1,2015-04-06,jeremiemartinez,installed_apps
7,4,0,27,2013-11-20,theprogrammingchronicles,tpc-tdd-exercises
5,7,0,30,2017-09-04,mikusjelly,android-toolkit
33407,10697,314,30,2024-08-15,blankj,androidutilcode
19,10,4,9,2023-05-20,intuit,universal-graph-client
10,12,0,25,2014-01-26,jacarrichan,rapid-framework
10,6,16,19,2022-12-06,shiyi524136,sentinel-zookeeper-internal
12,10,3,30,2023-04-10,netflix,fabricator
68,14,17,30,2024-02-22,pmikova,java-runtime-decompiler
5,6,2,30,2025-01-07,jencisopy,javabeanstack
14,13,0,2,2015-08-25,gebit,snmp4j
73,2,0,30,2016-10-18,henrytao-me,mvvm-life-cycle
476,141,7,26,2019-10-22,typ0520,bizsocket
21,42,3,23,2017-10-06,aemclub,adobe-aem-club
10,2,0,30,2019-05-14,lmyyyyyy,chameleon
442,122,54,30,2023-12-16,tomp2p,tomp2p
16,4,25,30,2023-03-05,ubc-library,geodisy
15,8,9,30,2022-05-20,bytom,bytom-java-sdk
8,4,1,7,2017-08-10,mariobodemann,osc
19,5,2,30,2023-04-17,manuel-woelker,jimix
40,11,0,7,2017-04-18,pchmn,androidverify
30,26,12,30,2022-06-28,galexandre,sonar-cobertura
67,26,0,30,2017-04-07,jetbrains,adt-tools-base
1305,190,6,30,2021-11-22,flipkart-incubator,proteus
8,11,0,30,2015-11-13,camel-extra,camel-extra-firstimport
63,15,3,30,2023-04-08,workday,postman
559,194,3,30,2022-06-20,ihaolin,antares
15,20,1,30,2024-08-02,sonarsource,sonar-scanner-ant
326,91,20,30,2023-12-17,tesseract4java,tesseract4java
63,26,61,30,2025-01-13,riverside-software,sonar-openedge
17,19,1,30,2022-11-29,sf105,refactoring-golf
12,9,0,30,2017-01-23,kaaproject,avro-ui
6,2,0,10,2016-06-10,mrmike,autovaluesample
169,86,18,30,2022-05-25,ngageoint,elasticgeo
7,9,0,30,2010-02-04,luontola,sgs-server
13,3,0,26,2017-05-07,ddwhan0123,reactnativedemo
86,74,31,30,2017-10-07,hltfbk,excitement-open-platform
70,10,7,30,2020-03-08,lordcodes,snackbarbuilder
5,5,2,30,2016-03-08,mrdon,amps
8,14,1,30,2016-03-08,debmalya,allgo
9,7,0,30,2017-02-03,frankfancode,androidim
12,6,6,30,2018-08-06,thefreebit,bullfrog
204,138,0,30,2024-12-23,apache,jclouds
24,9,9,30,2019-06-13,scads,ostmap
15,9,10,30,2015-07-27,matiwinnetou,spring-soy-view
2743,911,234,30,2024-12-07,chatopera,cosin
478,175,4,30,2017-02-28,boredream,designrescollection
19315,6040,45,30,2024-04-28,yunaiv,springboot-labs
6,3,44,30,2019-04-04,hashmapinc,hashmapanalyticsframework
245,25,3,30,2025-01-13,dinject,dinject
26,11,3,30,2017-08-03,palominolabs,benchpress
472,191,71,30,2025-01-10,eclipse,hawkbit
76,77,0,30,2022-02-16,arcuri82,algorithms
126,16,346,30,2025-01-09,globalbioticinteractions,globalbioticinteractions
3366,796,152,30,2025-01-13,axonframework,axonframework
16,1,5,30,2023-09-25,lambdasoup,watchlater
512,109,130,30,2023-12-17,nativelibs4java,jnaerator
5,2,4,30,2015-04-30,disid,fiebdc3-parser
377,223,2,30,2017-09-27,mdeverdelhan,ta4j-origins
11,8,1,30,2024-03-27,antlersoft,patchyamp
19,2,4,30,2017-03-02,tudorv91,sparkjni
113,16,0,26,2015-11-01,cesarvaliente,permissionssample
7,3,0,30,2012-12-05,bencvt,libshapedraw
206,85,0,30,2025-01-10,openjdk,skara
11,5,1,30,2024-12-28,kbss-cvut,jopa-examples
29,6,0,30,2016-02-01,ottogroup,spqr
28,7,2,6,2013-06-03,carrotsearch,langid-java
11,2,0,30,2018-11-04,nakamuuu,retainer
87,25,44,30,2020-05-21,timurstrekalov,saga
11,4,1,30,2024-05-16,nancheung97,git-proxy
96,70,12,30,2025-01-13,candlepin,candlepin
8,0,0,30,2019-10-06,zan-net,lab-exercise
13,2,0,30,2010-07-12,sisirkoppaka,mahout-rbm
481,297,43,30,2024-02-03,pexplugins,permissionsex
15,5,4,30,2018-10-08,habuma,spring-skills
88,19,1,30,2024-02-20,manuel-freire,ac2
80,9,4,30,2017-06-26,stephanenicolas,morpheus
3562,554,60,30,2023-04-17,davideas,flexibleadapter
17,12,12,30,2020-02-26,activiti,activiti-cloud-runtime-bundle-service
23,8,0,30,2025-01-12,tigers-mannheim,autoreferee
542,164,19,30,2014-06-20,linkedin,sensei
57,8,0,30,2017-08-02,philliphsu,numberpadtimepicker
293,25,5,30,2022-06-29,jzachr,goldenorb
890,306,122,30,2025-01-13,payara,payara
819,335,41,30,2024-12-19,apache,samza
7,4,0,30,2011-06-01,akubach,phyloviewer
9,5,0,11,2015-03-21,nikolavp,commander-shell
321,92,19,30,2024-10-04,movsim,movsim
217,47,1,30,2022-10-27,jaydeepw,android-utils
132,22,0,30,2024-11-25,guoguang,ibole_service
14,2,0,24,2015-03-17,tomcashman,metrics-elasticsearch
9,6,18,30,2017-08-25,thaliproject,thali_cordovaplugin_btlibrary
658,133,14,30,2018-09-26,konifar,droidkaigi2016
40,5,2,30,2017-12-12,oussaki,rxdownloader
15,5,4,16,2022-09-01,lottoritter,lottoritter-platform
5,2,0,30,2017-05-03,xshengcn,diycode
5,15,1,30,2016-01-30,jnode,classlib6
48,16,30,30,2019-01-23,anno4j,anno4j
482,74,5,30,2018-05-03,karumi,dividers
429,45,6,30,2021-02-25,orhanobut,tracklytics
52,9,0,30,2023-05-04,dengzii,v2ex
21,12,1,30,2019-05-14,comp30022-18,navibee
88,42,3,15,2023-03-06,alibaba,alibaba-flink-connectors
17,5,11,30,2022-11-16,logicahealth,komet
11,4,11,30,2014-07-04,emmanuelbernard,hibernate-core-ogm
30,40,0,4,2016-07-25,sosoapi,framework
16,6,11,30,2023-12-30,namlit,siteswap_generator
17,8,6,30,2021-06-07,pdsoftplan,zap-maven-plugin
45,13,2,30,2018-10-13,mru00,cutlet
83,12,2,30,2024-10-03,raydac,j-j-jvm
700,75,225,30,2025-01-07,phoenicisorg,phoenicis
402,98,30,30,2023-12-17,sismics,reader
15,8,0,30,2019-03-05,edgar615,api-gateway
52,83,17,30,2024-12-20,cybersource,cybersource-sdk-java
71,34,104,30,2025-01-13,metafacture,metafacture-core
99,29,29,30,2018-06-21,holgerbrandl,opencards
109,75,26,30,2023-04-16,apache,rya
13,2,11,30,2017-09-24,ocelotds,ocelot
346,38,0,30,2019-10-20,sethcreate,fruit
60,65,3,30,2017-11-10,jbossdemocentral,brms-coolstore-demo
16,2,0,30,2018-05-06,simpleton,yasp
9,16,44,30,2023-01-09,lightblue-platform,lightblue-rest
2167,372,6,30,2025-01-13,lets-mica,mica
127,71,5,30,2024-03-10,extjwnl,extjwnl
14,6,5,30,2024-12-28,julianmendez,jcel
16,53,24,30,2019-02-08,motech,motech
692,356,803,30,2025-01-11,eclipse-ee4j,jersey
101,44,228,30,2023-08-17,icyphy,ptii
14,3,3,30,2023-07-06,dma-ais,aisstore
46,26,0,30,2022-05-20,planetlabs,stratus
71,17,8,30,2017-10-31,ampm,douban-fm-sdk
253,55,14,30,2024-09-25,argparse4j,argparse4j
25,7,0,25,2018-12-13,peipeihh,simple-oauth2
20,13,1,14,2023-04-14,swkberlin,ports-and-adapters
174,20,33,30,2024-03-14,blobcity,db
6,3,2,19,2015-03-18,masgari,microservices-sample
21,20,3,30,2016-02-25,peterpilgrim,javaee7-developer-handbook
339,114,37,30,2024-10-25,aionnetwork,aion
66,6,0,30,2014-11-07,mojang,blixtser
23,185,7,30,2024-04-18,i-tech,openmrs-module-kenyaemr
154,41,1,30,2020-12-09,rabidgremlin,mutters
32,75,2,30,2024-11-12,liferay,liferay-blade-cli
18,19,3,30,2017-09-08,fluxoid-org,jformica
145,170,40,30,2023-07-19,jenkinsci,tfs-plugin
23,9,1,30,2021-01-30,matthewdavidbradshaw,shamir
43,63,0,30,2014-09-12,mdeinum,pro-spring-mvc-code
9,10,3,30,2022-09-16,orbit-legacy,orbit1
10,3,0,30,2011-10-24,tfredrich,rest-fixture
756,58,5,30,2022-07-14,andrzejchm,restmock
98,7,3,17,2018-12-31,w2ji,vitaminsaber
11,3,6,30,2017-04-17,zutherb,build-light
708,130,33,30,2021-03-15,spacecowboy,nononsense-filepicker
476,114,19,30,2024-10-03,rub-nds,ws-attacker
2785,238,36,30,2023-03-19,square,flow
22,51,3,30,2020-05-20,aws-cloudformation,aws-cloudformation-resource-providers-ses
58,21,0,30,2016-11-11,evanhalley,premofm
87,523,29,30,2024-12-13,openmrs,openmrs-module-webservices.rest
87,22,13,30,2022-10-04,brownsys,tracing-framework
13,5,0,6,2015-01-17,oprisnik,semdroid
2002,594,224,30,2025-01-09,sonatype,nexus-public
7,6,0,10,2017-12-19,ymcoding,kafka-0.11.0.0-src-with-comment
229,160,225,30,2025-01-13,eclipse,kapua
291,41,8,30,2018-07-06,codeabovelab,haven-platform
5675,2180,308,30,2024-06-02,weiye-jing,datax-web
12,7,3,30,2018-05-24,raptorbox,raptor
1194,439,4,30,2025-01-09,eclipse,milo
13,6,4,30,2024-10-14,vpinna80,vtl
9,8,0,12,2017-02-19,lukedd3,todo-list-webapp-angular2-spring-mvc-boot-data-rest
24,20,1,30,2015-05-04,zhenglu1989,web-sso
51,9,2,30,2022-02-23,matsjj,thundernetwork
28,36,1279,30,2022-12-16,directproject,nhin-d
3267,364,37,30,2020-01-17,beloos,chipslayoutmanager
15,6,4,30,2025-01-06,openthinclient,openthinclient-manager
13,1,0,30,2017-10-10,hifileo,mvvmreactive
320,120,64,30,2023-12-05,rterp,gmapsfx
96,30,2,30,2021-02-07,bramp,unsafe
10,6,0,30,2020-09-21,opendaylight,nic
55,23,13,30,2022-01-18,spring-projects,spring-insight-plugins
128,40,2,30,2017-09-27,hawkular,hawkular-apm
50,45,1,30,2025-01-03,sonarsource,sonar-html
565,177,65,30,2022-10-27,blockchain,thunder
1320,343,19,30,2018-09-19,kaz-anova,stacknet
1087,142,109,30,2025-01-13,yegor256,eo
142,43,70,30,2021-05-12,piwigo,piwigo-android
3340,729,2690,30,2025-01-13,eclipse,openj9
22,4,0,30,2022-11-10,spacecowboy,orgparser
6,1,0,30,2009-12-31,samidalouche,gisgraphy-java-client
61,45,5,30,2022-12-21,dbcg,cql_engine
458,222,36,30,2023-01-13,aerogear,aerogear-unifiedpush-server
42,24,29,30,2020-10-13,greenlaw110,greenscript
80,32,1,19,2019-10-14,nileshjarad,tdd_demo
66,45,4,30,2021-09-17,aurasphere,blue-pair
100,44,8,30,2023-01-04,synhershko,hebmorph
30,24,6,30,2022-02-26,cloudera,mahout
20,3,3,30,2025-01-03,smartcar,android-sdk
13,12,6,30,2023-08-03,opentracing-contrib,java-mongo-driver
11,9,0,30,2016-06-23,barancev,java_pft
413,74,0,30,2017-11-23,chiuki,friendspell
10,13,30,30,2016-07-18,sventonsvn,sventon
12,4,0,30,2017-09-14,ppati000,visualdfa
94,15,1,30,2014-09-24,eveliotc,carbonite
7,351,0,20,2013-11-12,apsaltis,oryx
24,7,0,30,2019-08-15,kinecosystem,kin-core-android
847,109,70,30,2021-03-26,spotify,heroic
28,19,2,30,2022-01-27,ibm,cc-dbp
28,8,0,30,2019-02-12,marcosemiao,log4jdbc
167,72,5,30,2024-12-18,eclab,mason
154,32,15,30,2022-07-15,spotify,flo
514,71,11,30,2022-12-23,frangsierra,rxfirebase
8,2,0,30,2010-02-26,gkamal,infrared
77,29,1,30,2018-11-08,facebookarchive,hive-dwrf
8,3,4,30,2017-07-20,ctron,kapua-gateway-client
16,2,1,30,2018-12-29,touchface,md2x
361,88,20,30,2024-02-22,mjiderhamn,classloader-leak-prevention
41,3,2,30,2014-10-12,inkapplications,android-preferences
20,3,5,30,2021-02-13,ixy-languages,ixy.java
184,68,41,30,2024-12-18,cruciblemc,crucible
197,42,0,30,2016-07-04,stratio,deep-spark
30,7,6,30,2024-03-07,expediagroup,rhapsody
2915,406,3,30,2025-01-13,real-logic,agrona
51,33,10,30,2021-08-18,cloudfoundry-community,java-nats
113,39,6,30,2017-08-31,liuzhengyang,simple-rpc
79,22,3,30,2017-04-18,darrinholst,sass-java
6,2,24,30,2012-10-01,nethad,clustermeister
18,21,0,24,2017-09-01,warlock-china,azeroth
12,3,0,15,2013-09-11,demoiselle,validation
18,9,5,30,2023-09-17,thejacksonlaboratory,hpoworkbench
105,46,39,30,2017-11-12,mbok,logsniffer
84,48,0,30,2024-05-27,sonatype,nexus-maven-plugins
14,5,0,30,2020-01-21,guidovezzoni,repofactory
5,1,0,30,2017-09-04,devgateway,ocvn
72,36,10,30,2024-03-24,uispec4j,uispec4j
35,21,11,30,2020-10-13,microsoft,oauth2-useragent
398,356,19,30,2025-01-10,smooks,smooks
7,59,1,30,2024-12-19,openmrs,openmrs-module-appframework
7,2,5,30,2022-05-25,tmoreira2020,portal-properties-prettier-app
131,22,16,30,2020-06-04,sockeqwe,mosby-conductor
13,5,3,30,2019-10-26,epic-breakfast-productions,owat
96,34,9,9,2022-09-22,celestial-winter,vics
121,66,29,30,2022-07-07,resthub,resthub-spring-stack
12,4,0,2,2013-11-02,pbailis,bolton-sigmod2013-code
59,4,3,30,2024-09-17,semwebcentral,parliament
467,216,44,30,2018-03-24,jclouds,legacy-jclouds
21,8,3,30,2021-05-12,sematext,query-segmenter
16,26,45,30,2020-09-30,joyent,java-manta
186,105,1,30,2024-08-01,ewolff,microservice-istio
60,7,17,30,2024-10-10,zapodot,embedded-db-junit
10,2,86,30,2024-10-04,consdata,sonarqube-companion
224,77,43,30,2024-07-25,kklisura,chrome-devtools-java-client
231,337,11,30,2025-01-13,pentaho,big-data-plugin
40,7,0,21,2019-09-25,smarkovik,make-or-break
22,41,49,30,2021-07-21,vietopencps,opencps-v2
86,30,9,30,2023-01-02,entando,entando-core
14,75,0,30,2024-09-20,openmrs,openmrs-module-appointmentscheduling
14,6,1,30,2021-08-26,hotelsdotcom,corc
27,4,69,30,2017-10-11,vmware-archive,photon-controller
112,74,27,30,2024-02-29,apache,stanbol
323,88,0,30,2019-07-10,netflix,aegisthus
4,1,0,30,2018-01-05,felixnorden,moppepojkar
12,13,1,30,2023-12-05,datastax,cassandra-reactive-demo
24,26,6,6,2021-01-18,googlecodelabs,android-storage-permissions
